-- MySQL dump 10.13  Distrib 8.0.40, for Linux (x86_64)
--
-- Host: 127.0.0.1    Database: system_engineering_mff
-- ------------------------------------------------------
-- Server version	8.0.40-0ubuntu0.22.04.1

/*!40101 SET @OLD_CHARACTER_SET_CLIENT=@@CHARACTER_SET_CLIENT */;
/*!40101 SET @OLD_CHARACTER_SET_RESULTS=@@CHARACTER_SET_RESULTS */;
/*!40101 SET @OLD_COLLATION_CONNECTION=@@COLLATION_CONNECTION */;
/*!50503 SET NAMES utf8mb4 */;
/*!40103 SET @OLD_TIME_ZONE=@@TIME_ZONE */;
/*!40103 SET TIME_ZONE='+00:00' */;
/*!40014 SET @OLD_UNIQUE_CHECKS=@@UNIQUE_CHECKS, UNIQUE_CHECKS=0 */;
/*!40014 SET @OLD_FOREIGN_KEY_CHECKS=@@FOREIGN_KEY_CHECKS, FOREIGN_KEY_CHECKS=0 */;
/*!40101 SET @OLD_SQL_MODE=@@SQL_MODE, SQL_MODE='NO_AUTO_VALUE_ON_ZERO' */;
/*!40111 SET @OLD_SQL_NOTES=@@SQL_NOTES, SQL_NOTES=0 */;

--
-- Table structure for table `cache`
--

DROP TABLE IF EXISTS `cache`;
/*!40101 SET @saved_cs_client     = @@character_set_client */;
/*!50503 SET character_set_client = utf8mb4 */;
CREATE TABLE `cache` (
  `key` varchar(255) COLLATE utf8mb4_unicode_ci NOT NULL,
  `value` mediumtext COLLATE utf8mb4_unicode_ci NOT NULL,
  `expiration` int NOT NULL,
  PRIMARY KEY (`key`)
) ENGINE=InnoDB DEFAULT CHARSET=utf8mb4 COLLATE=utf8mb4_unicode_ci;
/*!40101 SET character_set_client = @saved_cs_client */;

--
-- Dumping data for table `cache`
--

LOCK TABLES `cache` WRITE;
/*!40000 ALTER TABLE `cache` DISABLE KEYS */;
/*!40000 ALTER TABLE `cache` ENABLE KEYS */;
UNLOCK TABLES;

--
-- Table structure for table `cache_locks`
--

DROP TABLE IF EXISTS `cache_locks`;
/*!40101 SET @saved_cs_client     = @@character_set_client */;
/*!50503 SET character_set_client = utf8mb4 */;
CREATE TABLE `cache_locks` (
  `key` varchar(255) COLLATE utf8mb4_unicode_ci NOT NULL,
  `owner` varchar(255) COLLATE utf8mb4_unicode_ci NOT NULL,
  `expiration` int NOT NULL,
  PRIMARY KEY (`key`)
) ENGINE=InnoDB DEFAULT CHARSET=utf8mb4 COLLATE=utf8mb4_unicode_ci;
/*!40101 SET character_set_client = @saved_cs_client */;

--
-- Dumping data for table `cache_locks`
--

LOCK TABLES `cache_locks` WRITE;
/*!40000 ALTER TABLE `cache_locks` DISABLE KEYS */;
/*!40000 ALTER TABLE `cache_locks` ENABLE KEYS */;
UNLOCK TABLES;

--
-- Table structure for table `cities`
--

DROP TABLE IF EXISTS `cities`;
/*!40101 SET @saved_cs_client     = @@character_set_client */;
/*!50503 SET character_set_client = utf8mb4 */;
CREATE TABLE `cities` (
  `id` bigint unsigned NOT NULL AUTO_INCREMENT,
  `government_id` bigint unsigned DEFAULT NULL,
  `name_ar` varchar(255) COLLATE utf8mb4_unicode_ci NOT NULL,
  `name_en` varchar(255) COLLATE utf8mb4_unicode_ci NOT NULL,
  `created_at` timestamp NULL DEFAULT NULL,
  `updated_at` timestamp NULL DEFAULT NULL,
  PRIMARY KEY (`id`)
) ENGINE=InnoDB AUTO_INCREMENT=397 DEFAULT CHARSET=utf8mb4 COLLATE=utf8mb4_unicode_ci;
/*!40101 SET character_set_client = @saved_cs_client */;

--
-- Dumping data for table `cities`
--

LOCK TABLES `cities` WRITE;
/*!40000 ALTER TABLE `cities` DISABLE KEYS */;
INSERT INTO `cities` VALUES (1,1,'15 مايو','15 May','2025-01-01 18:24:18','2025-01-01 18:24:18'),(2,1,'الازبكية','Al Azbakeyah','2025-01-01 18:24:19','2025-01-01 18:24:19'),(3,1,'البساتين','Al Basatin','2025-01-01 18:24:19','2025-01-01 18:24:19'),(4,1,'التبين','Tebin','2025-01-01 18:24:19','2025-01-01 18:24:19'),(5,1,'الخليفة','El-Khalifa','2025-01-01 18:24:19','2025-01-01 18:24:19'),(6,1,'الدراسة','El darrasa','2025-01-01 18:24:19','2025-01-01 18:24:19'),(7,1,'الدرب الاحمر','Aldarb Alahmar','2025-01-01 18:24:19','2025-01-01 18:24:19'),(8,1,'الزاوية الحمراء','Zawya al-Hamra','2025-01-01 18:24:19','2025-01-01 18:24:19'),(9,1,'الزيتون','El-Zaytoun','2025-01-01 18:24:19','2025-01-01 18:24:19'),(10,1,'الساحل','Sahel','2025-01-01 18:24:19','2025-01-01 18:24:19'),(11,1,'السلام','El Salam','2025-01-01 18:24:19','2025-01-01 18:24:19'),(12,1,'السيدة زينب','Sayeda Zeinab','2025-01-01 18:24:19','2025-01-01 18:24:19'),(13,1,'الشرابية','El Sharabeya','2025-01-01 18:24:19','2025-01-01 18:24:19'),(14,1,'مدينة الشروق','Shorouk','2025-01-01 18:24:19','2025-01-01 18:24:19'),(15,1,'الظاهر','El Daher','2025-01-01 18:24:19','2025-01-01 18:24:19'),(16,1,'العتبة','Ataba','2025-01-01 18:24:19','2025-01-01 18:24:19'),(17,1,'القاهرة الجديدة','New Cairo','2025-01-01 18:24:19','2025-01-01 18:24:19'),(18,1,'المرج','El Marg','2025-01-01 18:24:19','2025-01-01 18:24:19'),(19,1,'عزبة النخل','Ezbet el Nakhl','2025-01-01 18:24:19','2025-01-01 18:24:19'),(20,1,'المطرية','Matareya','2025-01-01 18:24:19','2025-01-01 18:24:19'),(21,1,'المعادى','Maadi','2025-01-01 18:24:19','2025-01-01 18:24:19'),(22,1,'المعصرة','Maasara','2025-01-01 18:24:19','2025-01-01 18:24:19'),(23,1,'المقطم','Mokattam','2025-01-01 18:24:19','2025-01-01 18:24:19'),(24,1,'المنيل','Manyal','2025-01-01 18:24:19','2025-01-01 18:24:19'),(25,1,'الموسكى','Mosky','2025-01-01 18:24:19','2025-01-01 18:24:19'),(26,1,'النزهة','Nozha','2025-01-01 18:24:19','2025-01-01 18:24:19'),(27,1,'الوايلى','Waily','2025-01-01 18:24:19','2025-01-01 18:24:19'),(28,1,'باب الشعرية','Bab al-Shereia','2025-01-01 18:24:19','2025-01-01 18:24:19'),(29,1,'بولاق','Bolaq','2025-01-01 18:24:19','2025-01-01 18:24:19'),(30,1,'جاردن سيتى','Garden City','2025-01-01 18:24:19','2025-01-01 18:24:19'),(31,1,'حدائق القبة','Hadayek El-Kobba','2025-01-01 18:24:19','2025-01-01 18:24:19'),(32,1,'حلوان','Helwan','2025-01-01 18:24:19','2025-01-01 18:24:19'),(33,1,'دار السلام','Dar Al Salam','2025-01-01 18:24:19','2025-01-01 18:24:19'),(34,1,'شبرا','Shubra','2025-01-01 18:24:19','2025-01-01 18:24:19'),(35,1,'طره','Tura','2025-01-01 18:24:19','2025-01-01 18:24:19'),(36,1,'عابدين','Abdeen','2025-01-01 18:24:19','2025-01-01 18:24:19'),(37,1,'عباسية','Abaseya','2025-01-01 18:24:19','2025-01-01 18:24:19'),(38,1,'عين شمس','Ain Shams','2025-01-01 18:24:19','2025-01-01 18:24:19'),(39,1,'مدينة نصر','Nasr City','2025-01-01 18:24:19','2025-01-01 18:24:19'),(40,1,'مصر الجديدة','New Heliopolis','2025-01-01 18:24:19','2025-01-01 18:24:19'),(41,1,'مصر القديمة','Masr Al Qadima','2025-01-01 18:24:19','2025-01-01 18:24:19'),(42,1,'منشية ناصر','Mansheya Nasir','2025-01-01 18:24:19','2025-01-01 18:24:19'),(43,1,'مدينة بدر','Badr City','2025-01-01 18:24:19','2025-01-01 18:24:19'),(44,1,'مدينة العبور','Obour City','2025-01-01 18:24:19','2025-01-01 18:24:19'),(45,1,'وسط البلد','Cairo Downtown','2025-01-01 18:24:19','2025-01-01 18:24:19'),(46,1,'الزمالك','Zamalek','2025-01-01 18:24:19','2025-01-01 18:24:19'),(47,1,'قصر النيل','Kasr El Nile','2025-01-01 18:24:19','2025-01-01 18:24:19'),(48,1,'الرحاب','Rehab','2025-01-01 18:24:19','2025-01-01 18:24:19'),(49,1,'القطامية','Katameya','2025-01-01 18:24:19','2025-01-01 18:24:19'),(50,1,'مدينتي','Madinty','2025-01-01 18:24:19','2025-01-01 18:24:19'),(51,1,'روض الفرج','Rod Alfarag','2025-01-01 18:24:19','2025-01-01 18:24:19'),(52,1,'شيراتون','Sheraton','2025-01-01 18:24:19','2025-01-01 18:24:19'),(53,1,'الجمالية','El-Gamaleya','2025-01-01 18:24:19','2025-01-01 18:24:19'),(54,1,'العاشر من رمضان','10th of Ramadan City','2025-01-01 18:24:19','2025-01-01 18:24:19'),(55,1,'الحلمية','Helmeyat Alzaytoun','2025-01-01 18:24:19','2025-01-01 18:24:19'),(56,1,'النزهة الجديدة','New Nozha','2025-01-01 18:24:19','2025-01-01 18:24:19'),(57,1,'العاصمة الإدارية','Capital New','2025-01-01 18:24:19','2025-01-01 18:24:19'),(58,2,'الجيزة','Giza','2025-01-01 18:24:19','2025-01-01 18:24:19'),(59,2,'السادس من أكتوبر','Sixth of October','2025-01-01 18:24:19','2025-01-01 18:24:19'),(60,2,'الشيخ زايد','Cheikh Zayed','2025-01-01 18:24:19','2025-01-01 18:24:19'),(61,2,'الحوامدية','Hawamdiyah','2025-01-01 18:24:19','2025-01-01 18:24:19'),(62,2,'البدرشين','Al Badrasheen','2025-01-01 18:24:19','2025-01-01 18:24:19'),(63,2,'الصف','Saf','2025-01-01 18:24:19','2025-01-01 18:24:19'),(64,2,'أطفيح','Atfih','2025-01-01 18:24:19','2025-01-01 18:24:19'),(65,2,'العياط','Al Ayat','2025-01-01 18:24:19','2025-01-01 18:24:19'),(66,2,'الباويطي','Al-Bawaiti','2025-01-01 18:24:19','2025-01-01 18:24:19'),(67,2,'منشأة القناطر','ManshiyetAl Qanater','2025-01-01 18:24:19','2025-01-01 18:24:19'),(68,2,'أوسيم','Oaseem','2025-01-01 18:24:19','2025-01-01 18:24:19'),(69,2,'كرداسة','Kerdasa','2025-01-01 18:24:19','2025-01-01 18:24:19'),(70,2,'أبو النمرس','Abu Nomros','2025-01-01 18:24:19','2025-01-01 18:24:19'),(71,2,'كفر غطاطي','Kafr Ghati','2025-01-01 18:24:19','2025-01-01 18:24:19'),(72,2,'منشأة البكاري','Manshiyet Al Bakari','2025-01-01 18:24:19','2025-01-01 18:24:19'),(73,2,'الدقى','Dokki','2025-01-01 18:24:19','2025-01-01 18:24:19'),(74,2,'العجوزة','Agouza','2025-01-01 18:24:19','2025-01-01 18:24:19'),(75,2,'الهرم','Haram','2025-01-01 18:24:19','2025-01-01 18:24:19'),(76,2,'الوراق','Warraq','2025-01-01 18:24:19','2025-01-01 18:24:19'),(77,2,'امبابة','Imbaba','2025-01-01 18:24:19','2025-01-01 18:24:19'),(78,2,'بولاق الدكرور','Boulaq Dakrour','2025-01-01 18:24:19','2025-01-01 18:24:19'),(79,2,'الواحات البحرية','Al Wahat Al Baharia','2025-01-01 18:24:19','2025-01-01 18:24:19'),(80,2,'العمرانية','Omraneya','2025-01-01 18:24:19','2025-01-01 18:24:19'),(81,2,'المنيب','Moneeb','2025-01-01 18:24:19','2025-01-01 18:24:19'),(82,2,'بين السرايات','Bin Alsarayat','2025-01-01 18:24:19','2025-01-01 18:24:19'),(83,2,'الكيت كات','Kit Kat','2025-01-01 18:24:19','2025-01-01 18:24:19'),(84,2,'المهندسين','Mohandessin','2025-01-01 18:24:19','2025-01-01 18:24:19'),(85,2,'فيصل','Faisal','2025-01-01 18:24:19','2025-01-01 18:24:19'),(86,2,'أبو رواش','Abu Rawash','2025-01-01 18:24:19','2025-01-01 18:24:19'),(87,2,'حدائق الأهرام','Hadayek Alahram','2025-01-01 18:24:19','2025-01-01 18:24:19'),(88,2,'الحرانية','Haraneya','2025-01-01 18:24:19','2025-01-01 18:24:19'),(89,2,'حدائق اكتوبر','Hadayek October','2025-01-01 18:24:19','2025-01-01 18:24:19'),(90,2,'صفط اللبن','Saft Allaban','2025-01-01 18:24:19','2025-01-01 18:24:19'),(91,2,'القرية الذكية','Smart Village','2025-01-01 18:24:19','2025-01-01 18:24:19'),(92,2,'ارض اللواء','Ard Ellwaa','2025-01-01 18:24:19','2025-01-01 18:24:19'),(93,3,'ابو قير','Abu Qir','2025-01-01 18:24:19','2025-01-01 18:24:19'),(94,3,'الابراهيمية','Al Ibrahimeyah','2025-01-01 18:24:19','2025-01-01 18:24:19'),(95,3,'الأزاريطة','Azarita','2025-01-01 18:24:19','2025-01-01 18:24:19'),(96,3,'الانفوشى','Anfoushi','2025-01-01 18:24:19','2025-01-01 18:24:19'),(97,3,'الدخيلة','Dekheila','2025-01-01 18:24:19','2025-01-01 18:24:19'),(98,3,'السيوف','El Soyof','2025-01-01 18:24:19','2025-01-01 18:24:19'),(99,3,'العامرية','Ameria','2025-01-01 18:24:19','2025-01-01 18:24:19'),(100,3,'اللبان','El Labban','2025-01-01 18:24:19','2025-01-01 18:24:19'),(101,3,'المفروزة','Al Mafrouza','2025-01-01 18:24:19','2025-01-01 18:24:19'),(102,3,'المنتزه','El Montaza','2025-01-01 18:24:19','2025-01-01 18:24:19'),(103,3,'المنشية','Mansheya','2025-01-01 18:24:19','2025-01-01 18:24:19'),(104,3,'الناصرية','Naseria','2025-01-01 18:24:19','2025-01-01 18:24:19'),(105,3,'امبروزو','Ambrozo','2025-01-01 18:24:19','2025-01-01 18:24:19'),(106,3,'باب شرق','Bab Sharq','2025-01-01 18:24:19','2025-01-01 18:24:19'),(107,3,'برج العرب','Bourj Alarab','2025-01-01 18:24:19','2025-01-01 18:24:19'),(108,3,'ستانلى','Stanley','2025-01-01 18:24:19','2025-01-01 18:24:19'),(109,3,'سموحة','Smouha','2025-01-01 18:24:19','2025-01-01 18:24:19'),(110,3,'سيدى بشر','Sidi Bishr','2025-01-01 18:24:19','2025-01-01 18:24:19'),(111,3,'شدس','Shads','2025-01-01 18:24:19','2025-01-01 18:24:19'),(112,3,'غيط العنب','Gheet Alenab','2025-01-01 18:24:19','2025-01-01 18:24:19'),(113,3,'فلمينج','Fleming','2025-01-01 18:24:19','2025-01-01 18:24:19'),(114,3,'فيكتوريا','Victoria','2025-01-01 18:24:19','2025-01-01 18:24:19'),(115,3,'كامب شيزار','Camp Shizar','2025-01-01 18:24:19','2025-01-01 18:24:19'),(116,3,'كرموز','Karmooz','2025-01-01 18:24:19','2025-01-01 18:24:19'),(117,3,'محطة الرمل','Mahta Alraml','2025-01-01 18:24:19','2025-01-01 18:24:19'),(118,3,'مينا البصل','Mina El-Basal','2025-01-01 18:24:19','2025-01-01 18:24:19'),(119,3,'العصافرة','Asafra','2025-01-01 18:24:19','2025-01-01 18:24:19'),(120,3,'العجمي','Agamy','2025-01-01 18:24:19','2025-01-01 18:24:19'),(121,3,'بكوس','Bakos','2025-01-01 18:24:19','2025-01-01 18:24:19'),(122,3,'بولكلي','Boulkly','2025-01-01 18:24:19','2025-01-01 18:24:19'),(123,3,'كليوباترا','Cleopatra','2025-01-01 18:24:19','2025-01-01 18:24:19'),(124,3,'جليم','Glim','2025-01-01 18:24:19','2025-01-01 18:24:19'),(125,3,'المعمورة','Al Mamurah','2025-01-01 18:24:19','2025-01-01 18:24:19'),(126,3,'المندرة','Al Mandara','2025-01-01 18:24:19','2025-01-01 18:24:19'),(127,3,'محرم بك','Moharam Bek','2025-01-01 18:24:19','2025-01-01 18:24:19'),(128,3,'الشاطبي','Elshatby','2025-01-01 18:24:19','2025-01-01 18:24:19'),(129,3,'سيدي جابر','Sidi Gaber','2025-01-01 18:24:19','2025-01-01 18:24:19'),(130,3,'الساحل الشمالي','North Coast/sahel','2025-01-01 18:24:19','2025-01-01 18:24:19'),(131,3,'الحضرة','Alhadra','2025-01-01 18:24:19','2025-01-01 18:24:19'),(132,3,'العطارين','Alattarin','2025-01-01 18:24:19','2025-01-01 18:24:19'),(133,3,'سيدي كرير','Sidi Kerir','2025-01-01 18:24:19','2025-01-01 18:24:19'),(134,3,'الجمرك','Elgomrok','2025-01-01 18:24:19','2025-01-01 18:24:19'),(135,3,'المكس','Al Max','2025-01-01 18:24:19','2025-01-01 18:24:19'),(136,3,'مارينا','Marina','2025-01-01 18:24:19','2025-01-01 18:24:19'),(137,4,'المنصورة','Mansoura','2025-01-01 18:24:19','2025-01-01 18:24:19'),(138,4,'طلخا','Talkha','2025-01-01 18:24:19','2025-01-01 18:24:19'),(139,4,'ميت غمر','Mitt Ghamr','2025-01-01 18:24:19','2025-01-01 18:24:19'),(140,4,'دكرنس','Dekernes','2025-01-01 18:24:19','2025-01-01 18:24:19'),(141,4,'أجا','Aga','2025-01-01 18:24:19','2025-01-01 18:24:19'),(142,4,'منية النصر','Menia El Nasr','2025-01-01 18:24:19','2025-01-01 18:24:19'),(143,4,'السنبلاوين','Sinbillawin','2025-01-01 18:24:19','2025-01-01 18:24:19'),(144,4,'الكردي','El Kurdi','2025-01-01 18:24:19','2025-01-01 18:24:19'),(145,4,'بني عبيد','Bani Ubaid','2025-01-01 18:24:19','2025-01-01 18:24:19'),(146,4,'المنزلة','Al Manzala','2025-01-01 18:24:19','2025-01-01 18:24:19'),(147,4,'تمي الأمديد','tami al\'amdid','2025-01-01 18:24:19','2025-01-01 18:24:19'),(148,4,'الجمالية','aljamalia','2025-01-01 18:24:19','2025-01-01 18:24:19'),(149,4,'شربين','Sherbin','2025-01-01 18:24:19','2025-01-01 18:24:19'),(150,4,'المطرية','Mataria','2025-01-01 18:24:19','2025-01-01 18:24:19'),(151,4,'بلقاس','Belqas','2025-01-01 18:24:19','2025-01-01 18:24:19'),(152,4,'ميت سلسيل','Meet Salsil','2025-01-01 18:24:19','2025-01-01 18:24:19'),(153,4,'جمصة','Gamasa','2025-01-01 18:24:19','2025-01-01 18:24:19'),(154,4,'محلة دمنة','Mahalat Damana','2025-01-01 18:24:19','2025-01-01 18:24:19'),(155,4,'نبروه','Nabroh','2025-01-01 18:24:19','2025-01-01 18:24:19'),(156,5,'الغردقة','Hurghada','2025-01-01 18:24:19','2025-01-01 18:24:19'),(157,5,'رأس غارب','Ras Ghareb','2025-01-01 18:24:19','2025-01-01 18:24:19'),(158,5,'سفاجا','Safaga','2025-01-01 18:24:19','2025-01-01 18:24:19'),(159,5,'القصير','El Qusiar','2025-01-01 18:24:19','2025-01-01 18:24:19'),(160,5,'مرسى علم','Marsa Alam','2025-01-01 18:24:19','2025-01-01 18:24:19'),(161,5,'الشلاتين','Shalatin','2025-01-01 18:24:19','2025-01-01 18:24:19'),(162,5,'حلايب','Halaib','2025-01-01 18:24:19','2025-01-01 18:24:19'),(163,5,'الدهار','Aldahar','2025-01-01 18:24:19','2025-01-01 18:24:19'),(164,6,'دمنهور','Damanhour','2025-01-01 18:24:19','2025-01-01 18:24:19'),(165,6,'كفر الدوار','Kafr El Dawar','2025-01-01 18:24:19','2025-01-01 18:24:19'),(166,6,'رشيد','Rashid','2025-01-01 18:24:19','2025-01-01 18:24:19'),(167,6,'إدكو','Edco','2025-01-01 18:24:19','2025-01-01 18:24:19'),(168,6,'أبو المطامير','Abu al-Matamir','2025-01-01 18:24:19','2025-01-01 18:24:19'),(169,6,'أبو حمص','Abu Homs','2025-01-01 18:24:19','2025-01-01 18:24:19'),(170,6,'الدلنجات','Delengat','2025-01-01 18:24:19','2025-01-01 18:24:19'),(171,6,'المحمودية','Mahmoudiyah','2025-01-01 18:24:19','2025-01-01 18:24:19'),(172,6,'الرحمانية','Rahmaniyah','2025-01-01 18:24:19','2025-01-01 18:24:19'),(173,6,'إيتاي البارود','Itai Baroud','2025-01-01 18:24:19','2025-01-01 18:24:19'),(174,6,'حوش عيسى','Housh Eissa','2025-01-01 18:24:19','2025-01-01 18:24:19'),(175,6,'شبراخيت','Shubrakhit','2025-01-01 18:24:19','2025-01-01 18:24:19'),(176,6,'كوم حمادة','Kom Hamada','2025-01-01 18:24:19','2025-01-01 18:24:19'),(177,6,'بدر','Badr','2025-01-01 18:24:19','2025-01-01 18:24:19'),(178,6,'وادي النطرون','Wadi Natrun','2025-01-01 18:24:19','2025-01-01 18:24:19'),(179,6,'النوبارية الجديدة','New Nubaria','2025-01-01 18:24:19','2025-01-01 18:24:19'),(180,6,'النوبارية','Alnoubareya','2025-01-01 18:24:19','2025-01-01 18:24:19'),(181,7,'الفيوم','Fayoum','2025-01-01 18:24:20','2025-01-01 18:24:20'),(182,7,'الفيوم الجديدة','Fayoum El Gedida','2025-01-01 18:24:20','2025-01-01 18:24:20'),(183,7,'طامية','Tamiya','2025-01-01 18:24:20','2025-01-01 18:24:20'),(184,7,'سنورس','Snores','2025-01-01 18:24:20','2025-01-01 18:24:20'),(185,7,'إطسا','Etsa','2025-01-01 18:24:20','2025-01-01 18:24:20'),(186,7,'إبشواي','Epschway','2025-01-01 18:24:20','2025-01-01 18:24:20'),(187,7,'يوسف الصديق','Yusuf El Sediaq','2025-01-01 18:24:20','2025-01-01 18:24:20'),(188,7,'الحادقة','Hadqa','2025-01-01 18:24:20','2025-01-01 18:24:20'),(189,7,'اطسا','Atsa','2025-01-01 18:24:20','2025-01-01 18:24:20'),(190,7,'الجامعة','Algamaa','2025-01-01 18:24:20','2025-01-01 18:24:20'),(191,7,'السيالة','Sayala','2025-01-01 18:24:20','2025-01-01 18:24:20'),(192,8,'طنطا','Tanta','2025-01-01 18:24:20','2025-01-01 18:24:20'),(193,8,'المحلة الكبرى','Al Mahalla Al Kobra','2025-01-01 18:24:20','2025-01-01 18:24:20'),(194,8,'كفر الزيات','Kafr El Zayat','2025-01-01 18:24:20','2025-01-01 18:24:20'),(195,8,'زفتى','Zefta','2025-01-01 18:24:20','2025-01-01 18:24:20'),(196,8,'السنطة','El Santa','2025-01-01 18:24:20','2025-01-01 18:24:20'),(197,8,'قطور','Qutour','2025-01-01 18:24:20','2025-01-01 18:24:20'),(198,8,'بسيون','Basion','2025-01-01 18:24:20','2025-01-01 18:24:20'),(199,8,'سمنود','Samannoud','2025-01-01 18:24:20','2025-01-01 18:24:20'),(200,9,'الإسماعيلية','Ismailia','2025-01-01 18:24:20','2025-01-01 18:24:20'),(201,9,'فايد','Fayed','2025-01-01 18:24:20','2025-01-01 18:24:20'),(202,9,'القنطرة شرق','Qantara Sharq','2025-01-01 18:24:20','2025-01-01 18:24:20'),(203,9,'القنطرة غرب','Qantara Gharb','2025-01-01 18:24:20','2025-01-01 18:24:20'),(204,9,'التل الكبير','El Tal El Kabier','2025-01-01 18:24:20','2025-01-01 18:24:20'),(205,9,'أبو صوير','Abu Sawir','2025-01-01 18:24:20','2025-01-01 18:24:20'),(206,9,'القصاصين الجديدة','Kasasien El Gedida','2025-01-01 18:24:20','2025-01-01 18:24:20'),(207,9,'نفيشة','Nefesha','2025-01-01 18:24:20','2025-01-01 18:24:20'),(208,9,'الشيخ زايد','Sheikh Zayed','2025-01-01 18:24:20','2025-01-01 18:24:20'),(209,10,'شبين الكوم','Shbeen El Koom','2025-01-01 18:24:20','2025-01-01 18:24:20'),(210,10,'مدينة السادات','Sadat City','2025-01-01 18:24:20','2025-01-01 18:24:20'),(211,10,'منوف','Menouf','2025-01-01 18:24:20','2025-01-01 18:24:20'),(212,10,'سرس الليان','Sars El-Layan','2025-01-01 18:24:20','2025-01-01 18:24:20'),(213,10,'أشمون','Ashmon','2025-01-01 18:24:20','2025-01-01 18:24:20'),(214,10,'الباجور','Al Bagor','2025-01-01 18:24:20','2025-01-01 18:24:20'),(215,10,'قويسنا','Quesna','2025-01-01 18:24:20','2025-01-01 18:24:20'),(216,10,'بركة السبع','Berkat El Saba','2025-01-01 18:24:20','2025-01-01 18:24:20'),(217,10,'تلا','Tala','2025-01-01 18:24:20','2025-01-01 18:24:20'),(218,10,'الشهداء','Al Shohada','2025-01-01 18:24:20','2025-01-01 18:24:20'),(219,11,'المنيا','Minya','2025-01-01 18:24:20','2025-01-01 18:24:20'),(220,11,'المنيا الجديدة','Minya El Gedida','2025-01-01 18:24:20','2025-01-01 18:24:20'),(221,11,'العدوة','El Adwa','2025-01-01 18:24:20','2025-01-01 18:24:20'),(222,11,'مغاغة','Magagha','2025-01-01 18:24:20','2025-01-01 18:24:20'),(223,11,'بني مزار','Bani Mazar','2025-01-01 18:24:20','2025-01-01 18:24:20'),(224,11,'مطاي','Mattay','2025-01-01 18:24:20','2025-01-01 18:24:20'),(225,11,'سمالوط','Samalut','2025-01-01 18:24:20','2025-01-01 18:24:20'),(226,11,'المدينة الفكرية','Madinat El Fekria','2025-01-01 18:24:20','2025-01-01 18:24:20'),(227,11,'ملوي','Meloy','2025-01-01 18:24:20','2025-01-01 18:24:20'),(228,11,'دير مواس','Deir Mawas','2025-01-01 18:24:20','2025-01-01 18:24:20'),(229,11,'ابو قرقاص','Abu Qurqas','2025-01-01 18:24:20','2025-01-01 18:24:20'),(230,11,'ارض سلطان','Ard Sultan','2025-01-01 18:24:20','2025-01-01 18:24:20'),(231,12,'بنها','Banha','2025-01-01 18:24:20','2025-01-01 18:24:20'),(232,12,'قليوب','Qalyub','2025-01-01 18:24:20','2025-01-01 18:24:20'),(233,12,'شبرا الخيمة','Shubra Al Khaimah','2025-01-01 18:24:20','2025-01-01 18:24:20'),(234,12,'القناطر الخيرية','Al Qanater Charity','2025-01-01 18:24:20','2025-01-01 18:24:20'),(235,12,'الخانكة','Khanka','2025-01-01 18:24:20','2025-01-01 18:24:20'),(236,12,'كفر شكر','Kafr Shukr','2025-01-01 18:24:20','2025-01-01 18:24:20'),(237,12,'طوخ','Tukh','2025-01-01 18:24:20','2025-01-01 18:24:20'),(238,12,'قها','Qaha','2025-01-01 18:24:20','2025-01-01 18:24:20'),(239,12,'العبور','Obour','2025-01-01 18:24:20','2025-01-01 18:24:20'),(240,12,'الخصوص','Khosous','2025-01-01 18:24:20','2025-01-01 18:24:20'),(241,12,'شبين القناطر','Shibin Al Qanater','2025-01-01 18:24:20','2025-01-01 18:24:20'),(242,12,'مسطرد','Mostorod','2025-01-01 18:24:20','2025-01-01 18:24:20'),(243,13,'الخارجة','El Kharga','2025-01-01 18:24:20','2025-01-01 18:24:20'),(244,13,'باريس','Paris','2025-01-01 18:24:20','2025-01-01 18:24:20'),(245,13,'موط','Mout','2025-01-01 18:24:20','2025-01-01 18:24:20'),(246,13,'الفرافرة','Farafra','2025-01-01 18:24:20','2025-01-01 18:24:20'),(247,13,'بلاط','Balat','2025-01-01 18:24:20','2025-01-01 18:24:20'),(248,13,'الداخلة','Dakhla','2025-01-01 18:24:20','2025-01-01 18:24:20'),(249,14,'السويس','Suez','2025-01-01 18:24:20','2025-01-01 18:24:20'),(250,14,'الجناين','Alganayen','2025-01-01 18:24:20','2025-01-01 18:24:20'),(251,14,'عتاقة','Ataqah','2025-01-01 18:24:20','2025-01-01 18:24:20'),(252,14,'العين السخنة','Ain Sokhna','2025-01-01 18:24:20','2025-01-01 18:24:20'),(253,14,'فيصل','Faysal','2025-01-01 18:24:20','2025-01-01 18:24:20'),(254,15,'أسوان','Aswan','2025-01-01 18:24:20','2025-01-01 18:24:20'),(255,15,'أسوان الجديدة','Aswan El Gedida','2025-01-01 18:24:20','2025-01-01 18:24:20'),(256,15,'دراو','Drau','2025-01-01 18:24:20','2025-01-01 18:24:20'),(257,15,'كوم أمبو','Kom Ombo','2025-01-01 18:24:20','2025-01-01 18:24:20'),(258,15,'نصر النوبة','Nasr Al Nuba','2025-01-01 18:24:20','2025-01-01 18:24:20'),(259,15,'كلابشة','Kalabsha','2025-01-01 18:24:20','2025-01-01 18:24:20'),(260,15,'إدفو','Edfu','2025-01-01 18:24:20','2025-01-01 18:24:20'),(261,15,'الرديسية','Al-Radisiyah','2025-01-01 18:24:20','2025-01-01 18:24:20'),(262,15,'البصيلية','Al Basilia','2025-01-01 18:24:20','2025-01-01 18:24:20'),(263,15,'السباعية','Al Sibaeia','2025-01-01 18:24:20','2025-01-01 18:24:20'),(264,15,'ابوسمبل السياحية','Abo Simbl Al Siyahia','2025-01-01 18:24:20','2025-01-01 18:24:20'),(265,15,'مرسى علم','Marsa Alam','2025-01-01 18:24:20','2025-01-01 18:24:20'),(266,16,'أسيوط','Assiut','2025-01-01 18:24:20','2025-01-01 18:24:20'),(267,16,'أسيوط الجديدة','Assiut El Gedida','2025-01-01 18:24:20','2025-01-01 18:24:20'),(268,16,'ديروط','Dayrout','2025-01-01 18:24:20','2025-01-01 18:24:20'),(269,16,'منفلوط','Manfalut','2025-01-01 18:24:20','2025-01-01 18:24:20'),(270,16,'القوصية','Qusiya','2025-01-01 18:24:20','2025-01-01 18:24:20'),(271,16,'أبنوب','Abnoub','2025-01-01 18:24:20','2025-01-01 18:24:20'),(272,16,'أبو تيج','Abu Tig','2025-01-01 18:24:20','2025-01-01 18:24:20'),(273,16,'الغنايم','El Ghanaim','2025-01-01 18:24:20','2025-01-01 18:24:20'),(274,16,'ساحل سليم','Sahel Selim','2025-01-01 18:24:20','2025-01-01 18:24:20'),(275,16,'البداري','El Badari','2025-01-01 18:24:20','2025-01-01 18:24:20'),(276,16,'صدفا','Sidfa','2025-01-01 18:24:20','2025-01-01 18:24:20'),(277,17,'بني سويف','Bani Sweif','2025-01-01 18:24:20','2025-01-01 18:24:20'),(278,17,'بني سويف الجديدة','Beni Suef El Gedida','2025-01-01 18:24:20','2025-01-01 18:24:20'),(279,17,'الواسطى','Al Wasta','2025-01-01 18:24:20','2025-01-01 18:24:20'),(280,17,'ناصر','Naser','2025-01-01 18:24:20','2025-01-01 18:24:20'),(281,17,'إهناسيا','Ehnasia','2025-01-01 18:24:20','2025-01-01 18:24:20'),(282,17,'ببا','beba','2025-01-01 18:24:20','2025-01-01 18:24:20'),(283,17,'الفشن','Fashn','2025-01-01 18:24:20','2025-01-01 18:24:20'),(284,17,'سمسطا','Somasta','2025-01-01 18:24:20','2025-01-01 18:24:20'),(285,17,'الاباصيرى','Alabbaseri','2025-01-01 18:24:20','2025-01-01 18:24:20'),(286,17,'مقبل','Mokbel','2025-01-01 18:24:20','2025-01-01 18:24:20'),(287,18,'بورسعيد','PorSaid','2025-01-01 18:24:20','2025-01-01 18:24:20'),(288,18,'بورفؤاد','Port Fouad','2025-01-01 18:24:20','2025-01-01 18:24:20'),(289,18,'العرب','Alarab','2025-01-01 18:24:20','2025-01-01 18:24:20'),(290,18,'حى الزهور','Zohour','2025-01-01 18:24:20','2025-01-01 18:24:20'),(291,18,'حى الشرق','Alsharq','2025-01-01 18:24:20','2025-01-01 18:24:20'),(292,18,'حى الضواحى','Aldawahi','2025-01-01 18:24:20','2025-01-01 18:24:20'),(293,18,'حى المناخ','Almanakh','2025-01-01 18:24:20','2025-01-01 18:24:20'),(294,18,'حى مبارك','Mubarak','2025-01-01 18:24:20','2025-01-01 18:24:20'),(295,19,'دمياط','Damietta','2025-01-01 18:24:20','2025-01-01 18:24:20'),(296,19,'دمياط الجديدة','New Damietta','2025-01-01 18:24:20','2025-01-01 18:24:20'),(297,19,'رأس البر','Ras El Bar','2025-01-01 18:24:20','2025-01-01 18:24:20'),(298,19,'فارسكور','Faraskour','2025-01-01 18:24:20','2025-01-01 18:24:20'),(299,19,'الزرقا','Zarqa','2025-01-01 18:24:20','2025-01-01 18:24:20'),(300,19,'السرو','alsaru','2025-01-01 18:24:20','2025-01-01 18:24:20'),(301,19,'الروضة','alruwda','2025-01-01 18:24:20','2025-01-01 18:24:20'),(302,19,'كفر البطيخ','Kafr El-Batikh','2025-01-01 18:24:20','2025-01-01 18:24:20'),(303,19,'عزبة البرج','Azbet Al Burg','2025-01-01 18:24:20','2025-01-01 18:24:20'),(304,19,'ميت أبو غالب','Meet Abou Ghalib','2025-01-01 18:24:20','2025-01-01 18:24:20'),(305,19,'كفر سعد','Kafr Saad','2025-01-01 18:24:20','2025-01-01 18:24:20'),(306,20,'الزقازيق','Zagazig','2025-01-01 18:24:20','2025-01-01 18:24:20'),(307,20,'العاشر من رمضان','Al Ashr Men Ramadan','2025-01-01 18:24:20','2025-01-01 18:24:20'),(308,20,'منيا القمح','Minya Al Qamh','2025-01-01 18:24:20','2025-01-01 18:24:20'),(309,20,'بلبيس','Belbeis','2025-01-01 18:24:20','2025-01-01 18:24:20'),(310,20,'مشتول السوق','Mashtoul El Souq','2025-01-01 18:24:20','2025-01-01 18:24:20'),(311,20,'القنايات','Qenaiat','2025-01-01 18:24:20','2025-01-01 18:24:20'),(312,20,'أبو حماد','Abu Hammad','2025-01-01 18:24:20','2025-01-01 18:24:20'),(313,20,'القرين','El Qurain','2025-01-01 18:24:20','2025-01-01 18:24:20'),(314,20,'ههيا','Hehia','2025-01-01 18:24:20','2025-01-01 18:24:20'),(315,20,'أبو كبير','Abu Kabir','2025-01-01 18:24:20','2025-01-01 18:24:20'),(316,20,'فاقوس','Faccus','2025-01-01 18:24:20','2025-01-01 18:24:20'),(317,20,'الصالحية الجديدة','El Salihia El Gedida','2025-01-01 18:24:20','2025-01-01 18:24:20'),(318,20,'الإبراهيمية','Al Ibrahimiyah','2025-01-01 18:24:20','2025-01-01 18:24:20'),(319,20,'ديرب نجم','Deirb Negm','2025-01-01 18:24:20','2025-01-01 18:24:20'),(320,20,'كفر صقر','Kafr Saqr','2025-01-01 18:24:20','2025-01-01 18:24:20'),(321,20,'أولاد صقر','Awlad Saqr','2025-01-01 18:24:20','2025-01-01 18:24:20'),(322,20,'الحسينية','Husseiniya','2025-01-01 18:24:20','2025-01-01 18:24:20'),(323,20,'صان الحجر القبلية','san alhajar alqablia','2025-01-01 18:24:20','2025-01-01 18:24:20'),(324,20,'منشأة أبو عمر','Manshayat Abu Omar','2025-01-01 18:24:20','2025-01-01 18:24:20'),(325,21,'الطور','Al Toor','2025-01-01 18:24:20','2025-01-01 18:24:20'),(326,21,'شرم الشيخ','Sharm El-Shaikh','2025-01-01 18:24:20','2025-01-01 18:24:20'),(327,21,'دهب','Dahab','2025-01-01 18:24:20','2025-01-01 18:24:20'),(328,21,'نويبع','Nuweiba','2025-01-01 18:24:20','2025-01-01 18:24:20'),(329,21,'طابا','Taba','2025-01-01 18:24:20','2025-01-01 18:24:20'),(330,21,'سانت كاترين','Saint Catherine','2025-01-01 18:24:20','2025-01-01 18:24:20'),(331,21,'أبو رديس','Abu Redis','2025-01-01 18:24:20','2025-01-01 18:24:20'),(332,21,'أبو زنيمة','Abu Zenaima','2025-01-01 18:24:20','2025-01-01 18:24:20'),(333,21,'رأس سدر','Ras Sidr','2025-01-01 18:24:20','2025-01-01 18:24:20'),(334,22,'كفر الشيخ','Kafr El Sheikh','2025-01-01 18:24:20','2025-01-01 18:24:20'),(335,22,'وسط البلد كفر الشيخ','Kafr El Sheikh Downtown','2025-01-01 18:24:20','2025-01-01 18:24:20'),(336,22,'دسوق','Desouq','2025-01-01 18:24:20','2025-01-01 18:24:20'),(337,22,'فوه','Fooh','2025-01-01 18:24:20','2025-01-01 18:24:20'),(338,22,'مطوبس','Metobas','2025-01-01 18:24:20','2025-01-01 18:24:20'),(339,22,'برج البرلس','Burg Al Burullus','2025-01-01 18:24:20','2025-01-01 18:24:20'),(340,22,'بلطيم','Baltim','2025-01-01 18:24:20','2025-01-01 18:24:20'),(341,22,'مصيف بلطيم','Masief Baltim','2025-01-01 18:24:20','2025-01-01 18:24:20'),(342,22,'الحامول','Hamol','2025-01-01 18:24:20','2025-01-01 18:24:20'),(343,22,'بيلا','Bella','2025-01-01 18:24:20','2025-01-01 18:24:20'),(344,22,'الرياض','Riyadh','2025-01-01 18:24:20','2025-01-01 18:24:20'),(345,22,'سيدي سالم','Sidi Salm','2025-01-01 18:24:20','2025-01-01 18:24:20'),(346,22,'قلين','Qellen','2025-01-01 18:24:20','2025-01-01 18:24:20'),(347,22,'سيدي غازي','Sidi Ghazi','2025-01-01 18:24:20','2025-01-01 18:24:20'),(348,23,'مرسى مطروح','Marsa Matrouh','2025-01-01 18:24:20','2025-01-01 18:24:20'),(349,23,'الحمام','El Hamam','2025-01-01 18:24:20','2025-01-01 18:24:20'),(350,23,'العلمين','Alamein','2025-01-01 18:24:20','2025-01-01 18:24:20'),(351,23,'الضبعة','Dabaa','2025-01-01 18:24:20','2025-01-01 18:24:20'),(352,23,'النجيلة','Al-Nagila','2025-01-01 18:24:20','2025-01-01 18:24:20'),(353,23,'سيدي براني','Sidi Brani','2025-01-01 18:24:20','2025-01-01 18:24:20'),(354,23,'السلوم','Salloum','2025-01-01 18:24:20','2025-01-01 18:24:20'),(355,23,'سيوة','Siwa','2025-01-01 18:24:20','2025-01-01 18:24:20'),(356,23,'مارينا','Marina','2025-01-01 18:24:20','2025-01-01 18:24:20'),(357,23,'الساحل الشمالى','North Coast','2025-01-01 18:24:20','2025-01-01 18:24:20'),(358,24,'الأقصر','Luxor','2025-01-01 18:24:20','2025-01-01 18:24:20'),(359,24,'الأقصر الجديدة','New Luxor','2025-01-01 18:24:20','2025-01-01 18:24:20'),(360,24,'إسنا','Esna','2025-01-01 18:24:21','2025-01-01 18:24:21'),(361,24,'طيبة الجديدة','New Tiba','2025-01-01 18:24:21','2025-01-01 18:24:21'),(362,24,'الزينية','Al ziynia','2025-01-01 18:24:21','2025-01-01 18:24:21'),(363,24,'البياضية','Al Bayadieh','2025-01-01 18:24:21','2025-01-01 18:24:21'),(364,24,'القرنة','Al Qarna','2025-01-01 18:24:21','2025-01-01 18:24:21'),(365,24,'أرمنت','Armant','2025-01-01 18:24:21','2025-01-01 18:24:21'),(366,24,'الطود','Al Tud','2025-01-01 18:24:21','2025-01-01 18:24:21'),(367,25,'قنا','Qena','2025-01-01 18:24:21','2025-01-01 18:24:21'),(368,25,'قنا الجديدة','New Qena','2025-01-01 18:24:21','2025-01-01 18:24:21'),(369,25,'ابو طشت','Abu Tesht','2025-01-01 18:24:21','2025-01-01 18:24:21'),(370,25,'نجع حمادي','Nag Hammadi','2025-01-01 18:24:21','2025-01-01 18:24:21'),(371,25,'دشنا','Deshna','2025-01-01 18:24:21','2025-01-01 18:24:21'),(372,25,'الوقف','Alwaqf','2025-01-01 18:24:21','2025-01-01 18:24:21'),(373,25,'قفط','Qaft','2025-01-01 18:24:21','2025-01-01 18:24:21'),(374,25,'نقادة','Naqada','2025-01-01 18:24:21','2025-01-01 18:24:21'),(375,25,'فرشوط','Farshout','2025-01-01 18:24:21','2025-01-01 18:24:21'),(376,25,'قوص','Quos','2025-01-01 18:24:21','2025-01-01 18:24:21'),(377,26,'العريش','Arish','2025-01-01 18:24:21','2025-01-01 18:24:21'),(378,26,'الشيخ زويد','Sheikh Zowaid','2025-01-01 18:24:21','2025-01-01 18:24:21'),(379,26,'نخل','Nakhl','2025-01-01 18:24:21','2025-01-01 18:24:21'),(380,26,'رفح','Rafah','2025-01-01 18:24:21','2025-01-01 18:24:21'),(381,26,'بئر العبد','Bir al-Abed','2025-01-01 18:24:21','2025-01-01 18:24:21'),(382,26,'الحسنة','Al Hasana','2025-01-01 18:24:21','2025-01-01 18:24:21'),(383,27,'سوهاج','Sohag','2025-01-01 18:24:21','2025-01-01 18:24:21'),(384,27,'سوهاج الجديدة','Sohag El Gedida','2025-01-01 18:24:21','2025-01-01 18:24:21'),(385,27,'أخميم','Akhmeem','2025-01-01 18:24:21','2025-01-01 18:24:21'),(386,27,'أخميم الجديدة','Akhmim El Gedida','2025-01-01 18:24:21','2025-01-01 18:24:21'),(387,27,'البلينا','Albalina','2025-01-01 18:24:21','2025-01-01 18:24:21'),(388,27,'المراغة','El Maragha','2025-01-01 18:24:21','2025-01-01 18:24:21'),(389,27,'المنشأة','almunsha\'a','2025-01-01 18:24:21','2025-01-01 18:24:21'),(390,27,'دار السلام','Dar AISalaam','2025-01-01 18:24:21','2025-01-01 18:24:21'),(391,27,'جرجا','Gerga','2025-01-01 18:24:21','2025-01-01 18:24:21'),(392,27,'جهينة الغربية','Jahina Al Gharbia','2025-01-01 18:24:21','2025-01-01 18:24:21'),(393,27,'ساقلته','Saqilatuh','2025-01-01 18:24:21','2025-01-01 18:24:21'),(394,27,'طما','Tama','2025-01-01 18:24:21','2025-01-01 18:24:21'),(395,27,'طهطا','Tahta','2025-01-01 18:24:21','2025-01-01 18:24:21'),(396,27,'الكوثر','Alkawthar','2025-01-01 18:24:21','2025-01-01 18:24:21');
/*!40000 ALTER TABLE `cities` ENABLE KEYS */;
UNLOCK TABLES;

--
-- Table structure for table `data_shop_damietta_onlies`
--

DROP TABLE IF EXISTS `data_shop_damietta_onlies`;
/*!40101 SET @saved_cs_client     = @@character_set_client */;
/*!50503 SET character_set_client = utf8mb4 */;
CREATE TABLE `data_shop_damietta_onlies` (
  `id` bigint unsigned NOT NULL AUTO_INCREMENT,
  `government_id` bigint unsigned DEFAULT NULL,
  `auction_date` date DEFAULT NULL,
  `city_id` bigint unsigned DEFAULT NULL,
  `center` varchar(255) COLLATE utf8mb4_unicode_ci DEFAULT NULL,
  `location` varchar(255) COLLATE utf8mb4_unicode_ci DEFAULT NULL,
  `building_number` varchar(255) COLLATE utf8mb4_unicode_ci DEFAULT NULL,
  `building_entrance_number` varchar(255) COLLATE utf8mb4_unicode_ci DEFAULT NULL,
  `shop_number` varchar(255) COLLATE utf8mb4_unicode_ci DEFAULT NULL,
  `type_of_shop` varchar(255) COLLATE utf8mb4_unicode_ci DEFAULT NULL,
  `shop_area` varchar(255) COLLATE utf8mb4_unicode_ci DEFAULT NULL,
  `buyer_name` varchar(255) COLLATE utf8mb4_unicode_ci DEFAULT NULL,
  `national_number` varchar(255) COLLATE utf8mb4_unicode_ci DEFAULT NULL,
  `count_of_national_number` varchar(255) COLLATE utf8mb4_unicode_ci DEFAULT NULL,
  `phone_number` varchar(255) COLLATE utf8mb4_unicode_ci DEFAULT NULL,
  `home_number` varchar(255) COLLATE utf8mb4_unicode_ci DEFAULT NULL,
  `sell_price` decimal(10,2) DEFAULT NULL,
  `sell_price_for_meter` decimal(10,2) DEFAULT NULL,
  `payment_method` varchar(255) COLLATE utf8mb4_unicode_ci DEFAULT NULL,
  `insurance_amount` decimal(10,2) DEFAULT NULL,
  `insurance_date` date DEFAULT NULL,
  `remaining_sale_amount` decimal(10,2) DEFAULT NULL,
  `remaining_sale_date` date DEFAULT NULL,
  `maintenance_deposit_amount` decimal(10,2) DEFAULT NULL,
  `maintenance_deposit_date` date DEFAULT NULL,
  `afine_amount` decimal(10,2) DEFAULT NULL,
  `afine_date` date DEFAULT NULL,
  `installment_amount_1` decimal(10,2) DEFAULT NULL,
  `installment_date_1` date DEFAULT NULL,
  `installment_amount_2` decimal(10,2) DEFAULT NULL,
  `installment_date_2` date DEFAULT NULL,
  `installment_amount_3` decimal(10,2) DEFAULT NULL,
  `installment_date_3` date DEFAULT NULL,
  `installment_amount_4` decimal(10,2) DEFAULT NULL,
  `installment_date_4` date DEFAULT NULL,
  `installment_amount_5` decimal(10,2) DEFAULT NULL,
  `installment_date_5` date DEFAULT NULL,
  `installment_amount_6` decimal(10,2) DEFAULT NULL,
  `installment_date_6` date DEFAULT NULL,
  `installment_amount_7` decimal(10,2) DEFAULT NULL,
  `installment_date_7` date DEFAULT NULL,
  `installment_amount_8` decimal(10,2) DEFAULT NULL,
  `installment_date_8` date DEFAULT NULL,
  `installment_amount_9` decimal(10,2) DEFAULT NULL,
  `installment_date_9` date DEFAULT NULL,
  `installment_amount_10` decimal(10,2) DEFAULT NULL,
  `installment_date_10` date DEFAULT NULL,
  `installment_amount_11` decimal(10,2) DEFAULT NULL,
  `installment_date_11` date DEFAULT NULL,
  `installment_amount_12` decimal(10,2) DEFAULT NULL,
  `installment_date_12` date DEFAULT NULL,
  `installment_amount_13` decimal(10,2) DEFAULT NULL,
  `installment_date_13` date DEFAULT NULL,
  `installment_amount_14` decimal(10,2) DEFAULT NULL,
  `installment_date_14` date DEFAULT NULL,
  `installment_amount_15` decimal(10,2) DEFAULT NULL,
  `installment_date_15` date DEFAULT NULL,
  `created_at` timestamp NULL DEFAULT NULL,
  `updated_at` timestamp NULL DEFAULT NULL,
  PRIMARY KEY (`id`)
) ENGINE=InnoDB DEFAULT CHARSET=utf8mb4 COLLATE=utf8mb4_unicode_ci;
/*!40101 SET character_set_client = @saved_cs_client */;

--
-- Dumping data for table `data_shop_damietta_onlies`
--

LOCK TABLES `data_shop_damietta_onlies` WRITE;
/*!40000 ALTER TABLE `data_shop_damietta_onlies` DISABLE KEYS */;
/*!40000 ALTER TABLE `data_shop_damietta_onlies` ENABLE KEYS */;
UNLOCK TABLES;

--
-- Table structure for table `data_shop_outside_damiettas`
--

DROP TABLE IF EXISTS `data_shop_outside_damiettas`;
/*!40101 SET @saved_cs_client     = @@character_set_client */;
/*!50503 SET character_set_client = utf8mb4 */;
CREATE TABLE `data_shop_outside_damiettas` (
  `id` bigint unsigned NOT NULL AUTO_INCREMENT,
  `government_id` bigint unsigned DEFAULT NULL,
  `auction_date` date DEFAULT NULL,
  `city_id` bigint unsigned DEFAULT NULL,
  `center` varchar(255) COLLATE utf8mb4_unicode_ci DEFAULT NULL,
  `location` varchar(255) COLLATE utf8mb4_unicode_ci DEFAULT NULL,
  `building_number` varchar(255) COLLATE utf8mb4_unicode_ci DEFAULT NULL,
  `building_entrance_number` varchar(255) COLLATE utf8mb4_unicode_ci DEFAULT NULL,
  `shop_number` varchar(255) COLLATE utf8mb4_unicode_ci DEFAULT NULL,
  `type_of_shop` varchar(255) COLLATE utf8mb4_unicode_ci DEFAULT NULL,
  `shop_area` varchar(255) COLLATE utf8mb4_unicode_ci DEFAULT NULL,
  `buyer_name` varchar(255) COLLATE utf8mb4_unicode_ci DEFAULT NULL,
  `national_number` varchar(255) COLLATE utf8mb4_unicode_ci DEFAULT NULL,
  `count_of_national_number` varchar(255) COLLATE utf8mb4_unicode_ci DEFAULT NULL,
  `phone_number` varchar(255) COLLATE utf8mb4_unicode_ci DEFAULT NULL,
  `home_number` varchar(255) COLLATE utf8mb4_unicode_ci DEFAULT NULL,
  `sell_price` decimal(10,2) DEFAULT NULL,
  `sell_price_for_meter` decimal(10,2) DEFAULT NULL,
  `payment_method` varchar(255) COLLATE utf8mb4_unicode_ci DEFAULT NULL,
  `insurance_amount` decimal(10,2) DEFAULT NULL,
  `insurance_date` date DEFAULT NULL,
  `remaining_sale_amount` decimal(10,2) DEFAULT NULL,
  `remaining_sale_date` date DEFAULT NULL,
  `maintenance_deposit_amount` decimal(10,2) DEFAULT NULL,
  `maintenance_deposit_date` date DEFAULT NULL,
  `afine_amount` decimal(10,2) DEFAULT NULL,
  `afine_date` date DEFAULT NULL,
  `created_at` timestamp NULL DEFAULT NULL,
  `updated_at` timestamp NULL DEFAULT NULL,
  PRIMARY KEY (`id`)
) ENGINE=InnoDB DEFAULT CHARSET=utf8mb4 COLLATE=utf8mb4_unicode_ci;
/*!40101 SET character_set_client = @saved_cs_client */;

--
-- Dumping data for table `data_shop_outside_damiettas`
--

LOCK TABLES `data_shop_outside_damiettas` WRITE;
/*!40000 ALTER TABLE `data_shop_outside_damiettas` DISABLE KEYS */;
/*!40000 ALTER TABLE `data_shop_outside_damiettas` ENABLE KEYS */;
UNLOCK TABLES;

--
-- Table structure for table `departments`
--

DROP TABLE IF EXISTS `departments`;
/*!40101 SET @saved_cs_client     = @@character_set_client */;
/*!50503 SET character_set_client = utf8mb4 */;
CREATE TABLE `departments` (
  `id` bigint unsigned NOT NULL AUTO_INCREMENT,
  `name_ar` varchar(255) COLLATE utf8mb4_unicode_ci NOT NULL,
  `name_en` varchar(255) COLLATE utf8mb4_unicode_ci NOT NULL,
  `created_at` timestamp NULL DEFAULT NULL,
  `updated_at` timestamp NULL DEFAULT NULL,
  PRIMARY KEY (`id`),
  UNIQUE KEY `departments_name_ar_name_en_unique` (`name_ar`,`name_en`)
) ENGINE=InnoDB AUTO_INCREMENT=9 DEFAULT CHARSET=utf8mb4 COLLATE=utf8mb4_unicode_ci;
/*!40101 SET character_set_client = @saved_cs_client */;

--
-- Dumping data for table `departments`
--

LOCK TABLES `departments` WRITE;
/*!40000 ALTER TABLE `departments` DISABLE KEYS */;
INSERT INTO `departments` VALUES (1,'نظم المعلومات','IT','2025-01-01 18:24:18','2025-01-01 18:24:18'),(2,'المالية','Financial','2025-01-01 18:24:18','2025-01-01 18:24:18'),(3,'الهندسية','Engineering','2025-01-01 18:24:18','2025-01-01 18:24:18'),(4,'المكتب الفني','COE','2025-01-01 18:24:18','2025-01-01 18:24:18'),(5,'الدعم','Support','2025-01-01 18:24:18','2025-01-01 18:24:18'),(6,'البحوث','Research','2025-01-01 18:24:18','2025-01-01 18:24:18'),(7,'الاستثمار','Investment','2025-01-01 18:24:18','2025-01-01 18:24:18'),(8,'القانونية','Law','2025-01-01 18:24:18','2025-01-01 18:24:18');
/*!40000 ALTER TABLE `departments` ENABLE KEYS */;
UNLOCK TABLES;

--
-- Table structure for table `failed_jobs`
--

DROP TABLE IF EXISTS `failed_jobs`;
/*!40101 SET @saved_cs_client     = @@character_set_client */;
/*!50503 SET character_set_client = utf8mb4 */;
CREATE TABLE `failed_jobs` (
  `id` bigint unsigned NOT NULL AUTO_INCREMENT,
  `uuid` varchar(255) COLLATE utf8mb4_unicode_ci NOT NULL,
  `connection` text COLLATE utf8mb4_unicode_ci NOT NULL,
  `queue` text COLLATE utf8mb4_unicode_ci NOT NULL,
  `payload` longtext COLLATE utf8mb4_unicode_ci NOT NULL,
  `exception` longtext COLLATE utf8mb4_unicode_ci NOT NULL,
  `failed_at` timestamp NOT NULL DEFAULT CURRENT_TIMESTAMP,
  PRIMARY KEY (`id`),
  UNIQUE KEY `failed_jobs_uuid_unique` (`uuid`)
) ENGINE=InnoDB DEFAULT CHARSET=utf8mb4 COLLATE=utf8mb4_unicode_ci;
/*!40101 SET character_set_client = @saved_cs_client */;

--
-- Dumping data for table `failed_jobs`
--

LOCK TABLES `failed_jobs` WRITE;
/*!40000 ALTER TABLE `failed_jobs` DISABLE KEYS */;
/*!40000 ALTER TABLE `failed_jobs` ENABLE KEYS */;
UNLOCK TABLES;

--
-- Table structure for table `governments`
--

DROP TABLE IF EXISTS `governments`;
/*!40101 SET @saved_cs_client     = @@character_set_client */;
/*!50503 SET character_set_client = utf8mb4 */;
CREATE TABLE `governments` (
  `id` bigint unsigned NOT NULL AUTO_INCREMENT,
  `name_ar` varchar(255) COLLATE utf8mb4_unicode_ci NOT NULL,
  `name_en` varchar(255) COLLATE utf8mb4_unicode_ci NOT NULL,
  `created_at` timestamp NULL DEFAULT NULL,
  `updated_at` timestamp NULL DEFAULT NULL,
  PRIMARY KEY (`id`),
  UNIQUE KEY `governments_name_ar_name_en_unique` (`name_ar`,`name_en`)
) ENGINE=InnoDB AUTO_INCREMENT=28 DEFAULT CHARSET=utf8mb4 COLLATE=utf8mb4_unicode_ci;
/*!40101 SET character_set_client = @saved_cs_client */;

--
-- Dumping data for table `governments`
--

LOCK TABLES `governments` WRITE;
/*!40000 ALTER TABLE `governments` DISABLE KEYS */;
INSERT INTO `governments` VALUES (1,'القاهرة','Cairo','2025-01-01 18:24:18','2025-01-01 18:24:18'),(2,'الجيزة','Giza','2025-01-01 18:24:18','2025-01-01 18:24:18'),(3,'الأسكندرية','Alexandria','2025-01-01 18:24:18','2025-01-01 18:24:18'),(4,'الدقهلية','Dakahlia','2025-01-01 18:24:18','2025-01-01 18:24:18'),(5,'البحر الأحمر','Red Sea','2025-01-01 18:24:18','2025-01-01 18:24:18'),(6,'البحيرة','Beheira','2025-01-01 18:24:18','2025-01-01 18:24:18'),(7,'الفيوم','Fayoum','2025-01-01 18:24:18','2025-01-01 18:24:18'),(8,'الغربية','Gharbiya','2025-01-01 18:24:18','2025-01-01 18:24:18'),(9,'الإسماعلية','Ismailia','2025-01-01 18:24:18','2025-01-01 18:24:18'),(10,'المنوفية','Menofia','2025-01-01 18:24:18','2025-01-01 18:24:18'),(11,'المنيا','Minya','2025-01-01 18:24:18','2025-01-01 18:24:18'),(12,'القليوبية','Qaliubiya','2025-01-01 18:24:18','2025-01-01 18:24:18'),(13,'الوادي الجديد','New Valley','2025-01-01 18:24:18','2025-01-01 18:24:18'),(14,'السويس','Suez','2025-01-01 18:24:18','2025-01-01 18:24:18'),(15,'اسوان','Aswan','2025-01-01 18:24:18','2025-01-01 18:24:18'),(16,'اسيوط','Assiut','2025-01-01 18:24:18','2025-01-01 18:24:18'),(17,'بني سويف','Beni Suef','2025-01-01 18:24:18','2025-01-01 18:24:18'),(18,'بورسعيد','Port Said','2025-01-01 18:24:18','2025-01-01 18:24:18'),(19,'دمياط','Damietta','2025-01-01 18:24:18','2025-01-01 18:24:18'),(20,'الشرقية','Sharkia','2025-01-01 18:24:18','2025-01-01 18:24:18'),(21,'جنوب سيناء','South Sinai','2025-01-01 18:24:18','2025-01-01 18:24:18'),(22,'كفر الشيخ','Kafr Al sheikh','2025-01-01 18:24:18','2025-01-01 18:24:18'),(23,'مطروح','Matrouh','2025-01-01 18:24:18','2025-01-01 18:24:18'),(24,'الأقصر','Luxor','2025-01-01 18:24:18','2025-01-01 18:24:18'),(25,'قنا','Qena','2025-01-01 18:24:18','2025-01-01 18:24:18'),(26,'شمال سيناء','North Sinai','2025-01-01 18:24:18','2025-01-01 18:24:18'),(27,'سوهاج','Sohag','2025-01-01 18:24:18','2025-01-01 18:24:18');
/*!40000 ALTER TABLE `governments` ENABLE KEYS */;
UNLOCK TABLES;

--
-- Table structure for table `migrations`
--

DROP TABLE IF EXISTS `migrations`;
/*!40101 SET @saved_cs_client     = @@character_set_client */;
/*!50503 SET character_set_client = utf8mb4 */;
CREATE TABLE `migrations` (
  `id` int unsigned NOT NULL AUTO_INCREMENT,
  `migration` varchar(255) COLLATE utf8mb4_unicode_ci NOT NULL,
  `batch` int NOT NULL,
  PRIMARY KEY (`id`)
) ENGINE=InnoDB AUTO_INCREMENT=15 DEFAULT CHARSET=utf8mb4 COLLATE=utf8mb4_unicode_ci;
/*!40101 SET character_set_client = @saved_cs_client */;

--
-- Dumping data for table `migrations`
--

LOCK TABLES `migrations` WRITE;
/*!40000 ALTER TABLE `migrations` DISABLE KEYS */;
INSERT INTO `migrations` VALUES (1,'2014_10_12_000000_create_users_table',1),(2,'2014_10_12_100000_create_password_reset_tokens_table',1),(3,'2014_10_12_200000_add_two_factor_columns_to_users_table',1),(4,'2019_08_19_000000_create_failed_jobs_table',1),(5,'2019_12_14_000001_create_personal_access_tokens_table',1),(6,'2023_09_19_091155_create_sessions_table',1),(7,'2023_09_19_105030_create_permission_tables',1),(8,'2024_02_29_234800_create_cache_table',1),(9,'2024_12_05_123051_create_departments_table',1),(10,'2024_12_06_142955_add_department_id_to_users_table',1),(11,'2024_12_06_151154_create_governments_table',1),(12,'2024_12_06_151240_create_cities_table',1),(13,'2024_12_06_172808_create_data_shop_outside_damiettas_table',1),(14,'2024_12_11_100019_create_data_shop_damietta_onlies_table',1);
/*!40000 ALTER TABLE `migrations` ENABLE KEYS */;
UNLOCK TABLES;

--
-- Table structure for table `model_has_permissions`
--

DROP TABLE IF EXISTS `model_has_permissions`;
/*!40101 SET @saved_cs_client     = @@character_set_client */;
/*!50503 SET character_set_client = utf8mb4 */;
CREATE TABLE `model_has_permissions` (
  `permission_id` bigint unsigned NOT NULL,
  `model_type` varchar(255) COLLATE utf8mb4_unicode_ci NOT NULL,
  `model_id` bigint unsigned NOT NULL,
  PRIMARY KEY (`permission_id`,`model_id`,`model_type`),
  KEY `model_has_permissions_model_id_model_type_index` (`model_id`,`model_type`),
  CONSTRAINT `model_has_permissions_permission_id_foreign` FOREIGN KEY (`permission_id`) REFERENCES `permissions` (`id`) ON DELETE CASCADE
) ENGINE=InnoDB DEFAULT CHARSET=utf8mb4 COLLATE=utf8mb4_unicode_ci;
/*!40101 SET character_set_client = @saved_cs_client */;

--
-- Dumping data for table `model_has_permissions`
--

LOCK TABLES `model_has_permissions` WRITE;
/*!40000 ALTER TABLE `model_has_permissions` DISABLE KEYS */;
/*!40000 ALTER TABLE `model_has_permissions` ENABLE KEYS */;
UNLOCK TABLES;

--
-- Table structure for table `model_has_roles`
--

DROP TABLE IF EXISTS `model_has_roles`;
/*!40101 SET @saved_cs_client     = @@character_set_client */;
/*!50503 SET character_set_client = utf8mb4 */;
CREATE TABLE `model_has_roles` (
  `role_id` bigint unsigned NOT NULL,
  `model_type` varchar(255) COLLATE utf8mb4_unicode_ci NOT NULL,
  `model_id` bigint unsigned NOT NULL,
  PRIMARY KEY (`role_id`,`model_id`,`model_type`),
  KEY `model_has_roles_model_id_model_type_index` (`model_id`,`model_type`),
  CONSTRAINT `model_has_roles_role_id_foreign` FOREIGN KEY (`role_id`) REFERENCES `roles` (`id`) ON DELETE CASCADE
) ENGINE=InnoDB DEFAULT CHARSET=utf8mb4 COLLATE=utf8mb4_unicode_ci;
/*!40101 SET character_set_client = @saved_cs_client */;

--
-- Dumping data for table `model_has_roles`
--

LOCK TABLES `model_has_roles` WRITE;
/*!40000 ALTER TABLE `model_has_roles` DISABLE KEYS */;
INSERT INTO `model_has_roles` VALUES (3,'App\\Models\\User',1);
/*!40000 ALTER TABLE `model_has_roles` ENABLE KEYS */;
UNLOCK TABLES;

--
-- Table structure for table `password_reset_tokens`
--

DROP TABLE IF EXISTS `password_reset_tokens`;
/*!40101 SET @saved_cs_client     = @@character_set_client */;
/*!50503 SET character_set_client = utf8mb4 */;
CREATE TABLE `password_reset_tokens` (
  `email` varchar(255) COLLATE utf8mb4_unicode_ci NOT NULL,
  `token` varchar(255) COLLATE utf8mb4_unicode_ci NOT NULL,
  `created_at` timestamp NULL DEFAULT NULL,
  PRIMARY KEY (`email`)
) ENGINE=InnoDB DEFAULT CHARSET=utf8mb4 COLLATE=utf8mb4_unicode_ci;
/*!40101 SET character_set_client = @saved_cs_client */;

--
-- Dumping data for table `password_reset_tokens`
--

LOCK TABLES `password_reset_tokens` WRITE;
/*!40000 ALTER TABLE `password_reset_tokens` DISABLE KEYS */;
/*!40000 ALTER TABLE `password_reset_tokens` ENABLE KEYS */;
UNLOCK TABLES;

--
-- Table structure for table `permissions`
--

DROP TABLE IF EXISTS `permissions`;
/*!40101 SET @saved_cs_client     = @@character_set_client */;
/*!50503 SET character_set_client = utf8mb4 */;
CREATE TABLE `permissions` (
  `id` bigint unsigned NOT NULL AUTO_INCREMENT,
  `name` varchar(255) COLLATE utf8mb4_unicode_ci NOT NULL,
  `guard_name` varchar(255) COLLATE utf8mb4_unicode_ci NOT NULL,
  `created_at` timestamp NULL DEFAULT NULL,
  `updated_at` timestamp NULL DEFAULT NULL,
  PRIMARY KEY (`id`),
  UNIQUE KEY `permissions_name_guard_name_unique` (`name`,`guard_name`)
) ENGINE=InnoDB AUTO_INCREMENT=53 DEFAULT CHARSET=utf8mb4 COLLATE=utf8mb4_unicode_ci;
/*!40101 SET character_set_client = @saved_cs_client */;

--
-- Dumping data for table `permissions`
--

LOCK TABLES `permissions` WRITE;
/*!40000 ALTER TABLE `permissions` DISABLE KEYS */;
INSERT INTO `permissions` VALUES (1,'view-profile','web','2025-01-01 18:24:17','2025-01-01 18:24:17'),(2,'view-user','web','2025-01-01 18:24:17','2025-01-01 18:24:17'),(3,'create-user','web','2025-01-01 18:24:17','2025-01-01 18:24:17'),(4,'edit-user','web','2025-01-01 18:24:17','2025-01-01 18:24:17'),(5,'delete-user','web','2025-01-01 18:24:17','2025-01-01 18:24:17'),(6,'show-user','web','2025-01-01 18:24:17','2025-01-01 18:24:17'),(7,'restore-user','web','2025-01-01 18:24:17','2025-01-01 18:24:17'),(8,'force-delete-user','web','2025-01-01 18:24:17','2025-01-01 18:24:17'),(9,'bulk-delete-user','web','2025-01-01 18:24:17','2025-01-01 18:24:17'),(10,'force-bulk-delete-user','web','2025-01-01 18:24:17','2025-01-01 18:24:17'),(11,'import-export-user','web','2025-01-01 18:24:17','2025-01-01 18:24:17'),(12,'view-role','web','2025-01-01 18:24:17','2025-01-01 18:24:17'),(13,'create-role','web','2025-01-01 18:24:17','2025-01-01 18:24:17'),(14,'edit-role','web','2025-01-01 18:24:17','2025-01-01 18:24:17'),(15,'delete-role','web','2025-01-01 18:24:17','2025-01-01 18:24:17'),(16,'show-role','web','2025-01-01 18:24:17','2025-01-01 18:24:17'),(17,'bulk-delete-role','web','2025-01-01 18:24:17','2025-01-01 18:24:17'),(18,'import-export-role','web','2025-01-01 18:24:17','2025-01-01 18:24:17'),(19,'view-permission','web','2025-01-01 18:24:17','2025-01-01 18:24:17'),(20,'create-permission','web','2025-01-01 18:24:17','2025-01-01 18:24:17'),(21,'edit-permission','web','2025-01-01 18:24:17','2025-01-01 18:24:17'),(22,'delete-permission','web','2025-01-01 18:24:17','2025-01-01 18:24:17'),(23,'show-permission','web','2025-01-01 18:24:17','2025-01-01 18:24:17'),(24,'bulk-delete-permission','web','2025-01-01 18:24:18','2025-01-01 18:24:18'),(25,'import-export-permission','web','2025-01-01 18:24:18','2025-01-01 18:24:18'),(26,'view-trash-group-button','web','2025-01-01 18:24:18','2025-01-01 18:24:18'),(27,'view-backup-database','web','2025-01-01 18:24:18','2025-01-01 18:24:18'),(28,'view-department','web','2025-01-01 18:24:18','2025-01-01 18:24:18'),(29,'create-department','web','2025-01-01 18:24:18','2025-01-01 18:24:18'),(30,'edit-department','web','2025-01-01 18:24:18','2025-01-01 18:24:18'),(31,'delete-department','web','2025-01-01 18:24:18','2025-01-01 18:24:18'),(32,'show-department','web','2025-01-01 18:24:18','2025-01-01 18:24:18'),(33,'bulk-delete-department','web','2025-01-01 18:24:18','2025-01-01 18:24:18'),(34,'view-shop-outside-damietta','web','2025-01-01 18:24:18','2025-01-01 18:24:18'),(35,'create-shop-outside-damietta','web','2025-01-01 18:24:18','2025-01-01 18:24:18'),(36,'edit-shop-outside-damietta','web','2025-01-01 18:24:18','2025-01-01 18:24:18'),(37,'delete-shop-outside-damietta','web','2025-01-01 18:24:18','2025-01-01 18:24:18'),(38,'bulk-delete-shop-outside-damietta','web','2025-01-01 18:24:18','2025-01-01 18:24:18'),(39,'import-shop-outside-damietta','web','2025-01-01 18:24:18','2025-01-01 18:24:18'),(40,'export-shop-outside-damietta','web','2025-01-01 18:24:18','2025-01-01 18:24:18'),(41,'view-shop-damietta-only','web','2025-01-01 18:24:18','2025-01-01 18:24:18'),(42,'create-shop-damietta-only','web','2025-01-01 18:24:18','2025-01-01 18:24:18'),(43,'edit-shop-damietta-only','web','2025-01-01 18:24:18','2025-01-01 18:24:18'),(44,'delete-shop-damietta-only','web','2025-01-01 18:24:18','2025-01-01 18:24:18'),(45,'bulk-delete-shop-damietta-only','web','2025-01-01 18:24:18','2025-01-01 18:24:18'),(46,'import-shop-damietta-only','web','2025-01-01 18:24:18','2025-01-01 18:24:18'),(47,'export-shop-damietta-only','web','2025-01-01 18:24:18','2025-01-01 18:24:18'),(48,'view-chart-user','web','2025-01-01 18:24:18','2025-01-01 18:24:18'),(49,'view-chart-shop-outside-damietta','web','2025-01-01 18:24:18','2025-01-01 18:24:18'),(50,'view-chart-shop-damietta-only','web','2025-01-01 18:24:18','2025-01-01 18:24:18'),(51,'delete-profile-account','web','2025-01-01 18:24:18','2025-01-01 18:24:18'),(52,'logout-profile-sessions','web','2025-01-01 18:24:18','2025-01-01 18:24:18');
/*!40000 ALTER TABLE `permissions` ENABLE KEYS */;
UNLOCK TABLES;

--
-- Table structure for table `personal_access_tokens`
--

DROP TABLE IF EXISTS `personal_access_tokens`;
/*!40101 SET @saved_cs_client     = @@character_set_client */;
/*!50503 SET character_set_client = utf8mb4 */;
CREATE TABLE `personal_access_tokens` (
  `id` bigint unsigned NOT NULL AUTO_INCREMENT,
  `tokenable_type` varchar(255) COLLATE utf8mb4_unicode_ci NOT NULL,
  `tokenable_id` bigint unsigned NOT NULL,
  `name` varchar(255) COLLATE utf8mb4_unicode_ci NOT NULL,
  `token` varchar(64) COLLATE utf8mb4_unicode_ci NOT NULL,
  `abilities` text COLLATE utf8mb4_unicode_ci,
  `last_used_at` timestamp NULL DEFAULT NULL,
  `expires_at` timestamp NULL DEFAULT NULL,
  `created_at` timestamp NULL DEFAULT NULL,
  `updated_at` timestamp NULL DEFAULT NULL,
  PRIMARY KEY (`id`),
  UNIQUE KEY `personal_access_tokens_token_unique` (`token`),
  KEY `personal_access_tokens_tokenable_type_tokenable_id_index` (`tokenable_type`,`tokenable_id`)
) ENGINE=InnoDB DEFAULT CHARSET=utf8mb4 COLLATE=utf8mb4_unicode_ci;
/*!40101 SET character_set_client = @saved_cs_client */;

--
-- Dumping data for table `personal_access_tokens`
--

LOCK TABLES `personal_access_tokens` WRITE;
/*!40000 ALTER TABLE `personal_access_tokens` DISABLE KEYS */;
/*!40000 ALTER TABLE `personal_access_tokens` ENABLE KEYS */;
UNLOCK TABLES;

--
-- Table structure for table `role_has_permissions`
--

DROP TABLE IF EXISTS `role_has_permissions`;
/*!40101 SET @saved_cs_client     = @@character_set_client */;
/*!50503 SET character_set_client = utf8mb4 */;
CREATE TABLE `role_has_permissions` (
  `permission_id` bigint unsigned NOT NULL,
  `role_id` bigint unsigned NOT NULL,
  PRIMARY KEY (`permission_id`,`role_id`),
  KEY `role_has_permissions_role_id_foreign` (`role_id`),
  CONSTRAINT `role_has_permissions_permission_id_foreign` FOREIGN KEY (`permission_id`) REFERENCES `permissions` (`id`) ON DELETE CASCADE,
  CONSTRAINT `role_has_permissions_role_id_foreign` FOREIGN KEY (`role_id`) REFERENCES `roles` (`id`) ON DELETE CASCADE
) ENGINE=InnoDB DEFAULT CHARSET=utf8mb4 COLLATE=utf8mb4_unicode_ci;
/*!40101 SET character_set_client = @saved_cs_client */;

--
-- Dumping data for table `role_has_permissions`
--

LOCK TABLES `role_has_permissions` WRITE;
/*!40000 ALTER TABLE `role_has_permissions` DISABLE KEYS */;
INSERT INTO `role_has_permissions` VALUES (1,3),(2,3),(3,3),(4,3),(5,3),(6,3),(7,3),(8,3),(9,3),(10,3),(11,3),(12,3),(13,3),(14,3),(15,3),(16,3),(17,3),(18,3),(19,3),(20,3),(21,3),(22,3),(23,3),(24,3),(25,3),(26,3),(27,3),(28,3),(29,3),(30,3),(31,3),(32,3),(33,3),(34,3),(35,3),(36,3),(37,3),(38,3),(39,3),(40,3),(41,3),(42,3),(43,3),(44,3),(45,3),(46,3),(47,3),(48,3),(49,3),(50,3),(51,3),(52,3);
/*!40000 ALTER TABLE `role_has_permissions` ENABLE KEYS */;
UNLOCK TABLES;

--
-- Table structure for table `roles`
--

DROP TABLE IF EXISTS `roles`;
/*!40101 SET @saved_cs_client     = @@character_set_client */;
/*!50503 SET character_set_client = utf8mb4 */;
CREATE TABLE `roles` (
  `id` bigint unsigned NOT NULL AUTO_INCREMENT,
  `name` varchar(255) COLLATE utf8mb4_unicode_ci NOT NULL,
  `guard_name` varchar(255) COLLATE utf8mb4_unicode_ci NOT NULL,
  `created_at` timestamp NULL DEFAULT NULL,
  `updated_at` timestamp NULL DEFAULT NULL,
  PRIMARY KEY (`id`),
  UNIQUE KEY `roles_name_guard_name_unique` (`name`,`guard_name`)
) ENGINE=InnoDB AUTO_INCREMENT=4 DEFAULT CHARSET=utf8mb4 COLLATE=utf8mb4_unicode_ci;
/*!40101 SET character_set_client = @saved_cs_client */;

--
-- Dumping data for table `roles`
--

LOCK TABLES `roles` WRITE;
/*!40000 ALTER TABLE `roles` DISABLE KEYS */;
INSERT INTO `roles` VALUES (1,'Admin','web','2025-01-01 18:24:18','2025-01-01 18:24:18'),(2,'User','web','2025-01-01 18:24:18','2025-01-01 18:24:18'),(3,'Super Admin','web','2025-01-01 18:24:18','2025-01-01 18:24:18');
/*!40000 ALTER TABLE `roles` ENABLE KEYS */;
UNLOCK TABLES;

--
-- Table structure for table `sessions`
--

DROP TABLE IF EXISTS `sessions`;
/*!40101 SET @saved_cs_client     = @@character_set_client */;
/*!50503 SET character_set_client = utf8mb4 */;
CREATE TABLE `sessions` (
  `id` varchar(255) COLLATE utf8mb4_unicode_ci NOT NULL,
  `user_id` bigint unsigned DEFAULT NULL,
  `ip_address` varchar(45) COLLATE utf8mb4_unicode_ci DEFAULT NULL,
  `user_agent` text COLLATE utf8mb4_unicode_ci,
  `payload` longtext COLLATE utf8mb4_unicode_ci NOT NULL,
  `last_activity` int NOT NULL,
  PRIMARY KEY (`id`),
  KEY `sessions_user_id_index` (`user_id`),
  KEY `sessions_last_activity_index` (`last_activity`)
) ENGINE=InnoDB DEFAULT CHARSET=utf8mb4 COLLATE=utf8mb4_unicode_ci;
/*!40101 SET character_set_client = @saved_cs_client */;

--
-- Dumping data for table `sessions`
--

LOCK TABLES `sessions` WRITE;
/*!40000 ALTER TABLE `sessions` DISABLE KEYS */;
INSERT INTO `sessions` VALUES ('BYLvk1hc6B8QVit2owpINeBpc3pPZ5wn6fhm2UQY',1,'127.0.0.1','Mozilla/5.0 (X11; Linux x86_64) AppleWebKit/537.36 (KHTML, like Gecko) Chrome/110.0.0.0 Safari/537.36','YTo2OntzOjY6Il90b2tlbiI7czo0MDoiRnhhTFBkMVJKeE1RbmpPejAyM1VPc2dQeVRDVW82RmlRYWlXV1pHNiI7czo5OiJfcHJldmlvdXMiO2E6MTp7czozOiJ1cmwiO3M6NjA6Imh0dHA6Ly9zeXN0ZW0tZW5naW5lZXJpbmctbWZmLnRlc3QvYXIvc2hvcHMtb3V0c2lkZS1kYW1pZXR0YSI7fXM6NjoiX2ZsYXNoIjthOjI6e3M6Mzoib2xkIjthOjA6e31zOjM6Im5ldyI7YTowOnt9fXM6NjoibG9jYWxlIjtzOjI6ImFyIjtzOjUwOiJsb2dpbl93ZWJfNTliYTM2YWRkYzJiMmY5NDAxNTgwZjAxNGM3ZjU4ZWE0ZTMwOTg5ZCI7aToxO3M6MjE6InBhc3N3b3JkX2hhc2hfc2FuY3R1bSI7czo2MDoiJDJ5JDEwJElRMzBnNTNLaWt0T1V5cGlmSFZKMmVjdVU4M055SkhzQmdEUFBpdFhCRnRTa0V2bnM2TExtIjt9',1735764381),('QAUfduPxsuwoltQutSlOgeFFU0pPfeK0LSkiXTzd',NULL,'192.168.72.58','Mozilla/5.0 (Linux; Android 10; K) AppleWebKit/537.36 (KHTML, like Gecko) Chrome/131.0.0.0 Mobile Safari/537.36','YTo0OntzOjY6Il90b2tlbiI7czo0MDoiWHhLVXp6M2tZV25GcUo0VWkycnkxelVJZmtnS0FrRmpYaTEyZkNWcCI7czo5OiJfcHJldmlvdXMiO2E6MTp7czozOiJ1cmwiO3M6MzA6Imh0dHA6Ly8xOTIuMTY4LjcyLjEwMS9hci9sb2dpbiI7fXM6NjoiX2ZsYXNoIjthOjI6e3M6Mzoib2xkIjthOjA6e31zOjM6Im5ldyI7YTowOnt9fXM6NjoibG9jYWxlIjtzOjI6ImFyIjt9',1735763453),('zih6zfeqBOFM4fcweMi06DA1i5RrwvQB3Q2b0wAG',1,'127.0.0.1','Mozilla/5.0 (X11; Linux x86_64) AppleWebKit/537.36 (KHTML, like Gecko) Chrome/110.0.0.0 Safari/537.36','YTo2OntzOjY6Il90b2tlbiI7czo0MDoiMkpsNGpsclJFMHZZdHpUV2xaMTVPeTM0Z2FGVm45N002aWVkelYxMSI7czo5OiJfcHJldmlvdXMiO2E6MTp7czozOiJ1cmwiO3M6NTk6Imh0dHA6Ly8xOTIuMTY4LjcyLjEwMS5zeXN0ZW0tZW5naW5lZXJpbmctbWZmLnRlc3QvZW4vYmFja3VwIjt9czo2OiJfZmxhc2giO2E6Mjp7czozOiJvbGQiO2E6MDp7fXM6MzoibmV3IjthOjA6e319czo2OiJsb2NhbGUiO3M6MjoiZW4iO3M6NTA6ImxvZ2luX3dlYl81OWJhMzZhZGRjMmIyZjk0MDE1ODBmMDE0YzdmNThlYTRlMzA5ODlkIjtpOjE7czoyMToicGFzc3dvcmRfaGFzaF9zYW5jdHVtIjtzOjYwOiIkMnkkMTAkSVEzMGc1M0tpa3RPVXlwaWZIVkoyZWN1VTgzTnlKSHNCZ0RQUGl0WEJGdFNrRXZuczZMTG0iO30=',1735765070);
/*!40000 ALTER TABLE `sessions` ENABLE KEYS */;
UNLOCK TABLES;

--
-- Table structure for table `users`
--

DROP TABLE IF EXISTS `users`;
/*!40101 SET @saved_cs_client     = @@character_set_client */;
/*!50503 SET character_set_client = utf8mb4 */;
CREATE TABLE `users` (
  `id` bigint unsigned NOT NULL AUTO_INCREMENT,
  `name` varchar(255) COLLATE utf8mb4_unicode_ci NOT NULL,
  `email` varchar(255) COLLATE utf8mb4_unicode_ci NOT NULL,
  `email_verified_at` timestamp NULL DEFAULT NULL,
  `password` varchar(255) COLLATE utf8mb4_unicode_ci NOT NULL,
  `two_factor_secret` text COLLATE utf8mb4_unicode_ci,
  `two_factor_recovery_codes` text COLLATE utf8mb4_unicode_ci,
  `two_factor_confirmed_at` timestamp NULL DEFAULT NULL,
  `remember_token` varchar(100) COLLATE utf8mb4_unicode_ci DEFAULT NULL,
  `current_team_id` bigint unsigned DEFAULT NULL,
  `profile_photo_path` varchar(2048) COLLATE utf8mb4_unicode_ci DEFAULT NULL,
  `status` tinyint(1) NOT NULL DEFAULT '1',
  `deleted_at` timestamp NULL DEFAULT NULL,
  `created_at` timestamp NULL DEFAULT NULL,
  `updated_at` timestamp NULL DEFAULT NULL,
  `department_id` bigint unsigned DEFAULT NULL,
  PRIMARY KEY (`id`),
  UNIQUE KEY `users_email_unique` (`email`)
) ENGINE=InnoDB AUTO_INCREMENT=2 DEFAULT CHARSET=utf8mb4 COLLATE=utf8mb4_unicode_ci;
/*!40101 SET character_set_client = @saved_cs_client */;

--
-- Dumping data for table `users`
--

LOCK TABLES `users` WRITE;
/*!40000 ALTER TABLE `users` DISABLE KEYS */;
INSERT INTO `users` VALUES (1,'SuperAdmin','superadmin@gmail.com',NULL,'$2y$10$IQ30g53KiktOUypifHVJ2ecuU83NyJHsBgDPPitXBFtSkEvns6LLm',NULL,NULL,NULL,NULL,NULL,NULL,1,NULL,'2025-01-01 18:24:18','2025-01-01 18:24:18',1);
/*!40000 ALTER TABLE `users` ENABLE KEYS */;
UNLOCK TABLES;
/*!40103 SET TIME_ZONE=@OLD_TIME_ZONE */;

/*!40101 SET SQL_MODE=@OLD_SQL_MODE */;
/*!40014 SET FOREIGN_KEY_CHECKS=@OLD_FOREIGN_KEY_CHECKS */;
/*!40014 SET UNIQUE_CHECKS=@OLD_UNIQUE_CHECKS */;
/*!40101 SET CHARACTER_SET_CLIENT=@OLD_CHARACTER_SET_CLIENT */;
/*!40101 SET CHARACTER_SET_RESULTS=@OLD_CHARACTER_SET_RESULTS */;
/*!40101 SET COLLATION_CONNECTION=@OLD_COLLATION_CONNECTION */;
/*!40111 SET SQL_NOTES=@OLD_SQL_NOTES */;

-- Dump completed on 2025-01-01 22:57:53
