-- MySQL dump 10.13  Distrib 8.0.40, for Linux (x86_64)
--
-- Host: 127.0.0.1    Database: system_engineering_mff
-- ------------------------------------------------------
-- Server version	8.0.40-0ubuntu0.22.04.1

/*!40101 SET @OLD_CHARACTER_SET_CLIENT=@@CHARACTER_SET_CLIENT */;
/*!40101 SET @OLD_CHARACTER_SET_RESULTS=@@CHARACTER_SET_RESULTS */;
/*!40101 SET @OLD_COLLATION_CONNECTION=@@COLLATION_CONNECTION */;
/*!50503 SET NAMES utf8mb4 */;
/*!40103 SET @OLD_TIME_ZONE=@@TIME_ZONE */;
/*!40103 SET TIME_ZONE='+00:00' */;
/*!40014 SET @OLD_UNIQUE_CHECKS=@@UNIQUE_CHECKS, UNIQUE_CHECKS=0 */;
/*!40014 SET @OLD_FOREIGN_KEY_CHECKS=@@FOREIGN_KEY_CHECKS, FOREIGN_KEY_CHECKS=0 */;
/*!40101 SET @OLD_SQL_MODE=@@SQL_MODE, SQL_MODE='NO_AUTO_VALUE_ON_ZERO' */;
/*!40111 SET @OLD_SQL_NOTES=@@SQL_NOTES, SQL_NOTES=0 */;

--
-- Table structure for table `cache`
--

DROP TABLE IF EXISTS `cache`;
/*!40101 SET @saved_cs_client     = @@character_set_client */;
/*!50503 SET character_set_client = utf8mb4 */;
CREATE TABLE `cache` (
  `key` varchar(255) COLLATE utf8mb4_unicode_ci NOT NULL,
  `value` mediumtext COLLATE utf8mb4_unicode_ci NOT NULL,
  `expiration` int NOT NULL,
  PRIMARY KEY (`key`)
) ENGINE=InnoDB DEFAULT CHARSET=utf8mb4 COLLATE=utf8mb4_unicode_ci;
/*!40101 SET character_set_client = @saved_cs_client */;

--
-- Dumping data for table `cache`
--

LOCK TABLES `cache` WRITE;
/*!40000 ALTER TABLE `cache` DISABLE KEYS */;
/*!40000 ALTER TABLE `cache` ENABLE KEYS */;
UNLOCK TABLES;

--
-- Table structure for table `cache_locks`
--

DROP TABLE IF EXISTS `cache_locks`;
/*!40101 SET @saved_cs_client     = @@character_set_client */;
/*!50503 SET character_set_client = utf8mb4 */;
CREATE TABLE `cache_locks` (
  `key` varchar(255) COLLATE utf8mb4_unicode_ci NOT NULL,
  `owner` varchar(255) COLLATE utf8mb4_unicode_ci NOT NULL,
  `expiration` int NOT NULL,
  PRIMARY KEY (`key`)
) ENGINE=InnoDB DEFAULT CHARSET=utf8mb4 COLLATE=utf8mb4_unicode_ci;
/*!40101 SET character_set_client = @saved_cs_client */;

--
-- Dumping data for table `cache_locks`
--

LOCK TABLES `cache_locks` WRITE;
/*!40000 ALTER TABLE `cache_locks` DISABLE KEYS */;
/*!40000 ALTER TABLE `cache_locks` ENABLE KEYS */;
UNLOCK TABLES;

--
-- Table structure for table `cities`
--

DROP TABLE IF EXISTS `cities`;
/*!40101 SET @saved_cs_client     = @@character_set_client */;
/*!50503 SET character_set_client = utf8mb4 */;
CREATE TABLE `cities` (
  `id` bigint unsigned NOT NULL AUTO_INCREMENT,
  `government_id` bigint unsigned DEFAULT NULL,
  `name_ar` varchar(255) COLLATE utf8mb4_unicode_ci NOT NULL,
  `name_en` varchar(255) COLLATE utf8mb4_unicode_ci NOT NULL,
  `created_at` timestamp NULL DEFAULT NULL,
  `updated_at` timestamp NULL DEFAULT NULL,
  PRIMARY KEY (`id`)
) ENGINE=InnoDB AUTO_INCREMENT=397 DEFAULT CHARSET=utf8mb4 COLLATE=utf8mb4_unicode_ci;
/*!40101 SET character_set_client = @saved_cs_client */;

--
-- Dumping data for table `cities`
--

LOCK TABLES `cities` WRITE;
/*!40000 ALTER TABLE `cities` DISABLE KEYS */;
INSERT INTO `cities` VALUES (1,1,'15 مايو','15 May','2025-01-01 21:17:09','2025-01-01 21:17:09'),(2,1,'الازبكية','Al Azbakeyah','2025-01-01 21:17:09','2025-01-01 21:17:09'),(3,1,'البساتين','Al Basatin','2025-01-01 21:17:09','2025-01-01 21:17:09'),(4,1,'التبين','Tebin','2025-01-01 21:17:09','2025-01-01 21:17:09'),(5,1,'الخليفة','El-Khalifa','2025-01-01 21:17:09','2025-01-01 21:17:09'),(6,1,'الدراسة','El darrasa','2025-01-01 21:17:09','2025-01-01 21:17:09'),(7,1,'الدرب الاحمر','Aldarb Alahmar','2025-01-01 21:17:09','2025-01-01 21:17:09'),(8,1,'الزاوية الحمراء','Zawya al-Hamra','2025-01-01 21:17:09','2025-01-01 21:17:09'),(9,1,'الزيتون','El-Zaytoun','2025-01-01 21:17:09','2025-01-01 21:17:09'),(10,1,'الساحل','Sahel','2025-01-01 21:17:09','2025-01-01 21:17:09'),(11,1,'السلام','El Salam','2025-01-01 21:17:09','2025-01-01 21:17:09'),(12,1,'السيدة زينب','Sayeda Zeinab','2025-01-01 21:17:09','2025-01-01 21:17:09'),(13,1,'الشرابية','El Sharabeya','2025-01-01 21:17:09','2025-01-01 21:17:09'),(14,1,'مدينة الشروق','Shorouk','2025-01-01 21:17:09','2025-01-01 21:17:09'),(15,1,'الظاهر','El Daher','2025-01-01 21:17:09','2025-01-01 21:17:09'),(16,1,'العتبة','Ataba','2025-01-01 21:17:09','2025-01-01 21:17:09'),(17,1,'القاهرة الجديدة','New Cairo','2025-01-01 21:17:09','2025-01-01 21:17:09'),(18,1,'المرج','El Marg','2025-01-01 21:17:09','2025-01-01 21:17:09'),(19,1,'عزبة النخل','Ezbet el Nakhl','2025-01-01 21:17:09','2025-01-01 21:17:09'),(20,1,'المطرية','Matareya','2025-01-01 21:17:09','2025-01-01 21:17:09'),(21,1,'المعادى','Maadi','2025-01-01 21:17:09','2025-01-01 21:17:09'),(22,1,'المعصرة','Maasara','2025-01-01 21:17:09','2025-01-01 21:17:09'),(23,1,'المقطم','Mokattam','2025-01-01 21:17:09','2025-01-01 21:17:09'),(24,1,'المنيل','Manyal','2025-01-01 21:17:09','2025-01-01 21:17:09'),(25,1,'الموسكى','Mosky','2025-01-01 21:17:09','2025-01-01 21:17:09'),(26,1,'النزهة','Nozha','2025-01-01 21:17:09','2025-01-01 21:17:09'),(27,1,'الوايلى','Waily','2025-01-01 21:17:09','2025-01-01 21:17:09'),(28,1,'باب الشعرية','Bab al-Shereia','2025-01-01 21:17:09','2025-01-01 21:17:09'),(29,1,'بولاق','Bolaq','2025-01-01 21:17:09','2025-01-01 21:17:09'),(30,1,'جاردن سيتى','Garden City','2025-01-01 21:17:09','2025-01-01 21:17:09'),(31,1,'حدائق القبة','Hadayek El-Kobba','2025-01-01 21:17:09','2025-01-01 21:17:09'),(32,1,'حلوان','Helwan','2025-01-01 21:17:09','2025-01-01 21:17:09'),(33,1,'دار السلام','Dar Al Salam','2025-01-01 21:17:09','2025-01-01 21:17:09'),(34,1,'شبرا','Shubra','2025-01-01 21:17:09','2025-01-01 21:17:09'),(35,1,'طره','Tura','2025-01-01 21:17:09','2025-01-01 21:17:09'),(36,1,'عابدين','Abdeen','2025-01-01 21:17:09','2025-01-01 21:17:09'),(37,1,'عباسية','Abaseya','2025-01-01 21:17:09','2025-01-01 21:17:09'),(38,1,'عين شمس','Ain Shams','2025-01-01 21:17:09','2025-01-01 21:17:09'),(39,1,'مدينة نصر','Nasr City','2025-01-01 21:17:09','2025-01-01 21:17:09'),(40,1,'مصر الجديدة','New Heliopolis','2025-01-01 21:17:09','2025-01-01 21:17:09'),(41,1,'مصر القديمة','Masr Al Qadima','2025-01-01 21:17:09','2025-01-01 21:17:09'),(42,1,'منشية ناصر','Mansheya Nasir','2025-01-01 21:17:09','2025-01-01 21:17:09'),(43,1,'مدينة بدر','Badr City','2025-01-01 21:17:09','2025-01-01 21:17:09'),(44,1,'مدينة العبور','Obour City','2025-01-01 21:17:09','2025-01-01 21:17:09'),(45,1,'وسط البلد','Cairo Downtown','2025-01-01 21:17:09','2025-01-01 21:17:09'),(46,1,'الزمالك','Zamalek','2025-01-01 21:17:09','2025-01-01 21:17:09'),(47,1,'قصر النيل','Kasr El Nile','2025-01-01 21:17:09','2025-01-01 21:17:09'),(48,1,'الرحاب','Rehab','2025-01-01 21:17:09','2025-01-01 21:17:09'),(49,1,'القطامية','Katameya','2025-01-01 21:17:09','2025-01-01 21:17:09'),(50,1,'مدينتي','Madinty','2025-01-01 21:17:09','2025-01-01 21:17:09'),(51,1,'روض الفرج','Rod Alfarag','2025-01-01 21:17:09','2025-01-01 21:17:09'),(52,1,'شيراتون','Sheraton','2025-01-01 21:17:09','2025-01-01 21:17:09'),(53,1,'الجمالية','El-Gamaleya','2025-01-01 21:17:09','2025-01-01 21:17:09'),(54,1,'العاشر من رمضان','10th of Ramadan City','2025-01-01 21:17:09','2025-01-01 21:17:09'),(55,1,'الحلمية','Helmeyat Alzaytoun','2025-01-01 21:17:09','2025-01-01 21:17:09'),(56,1,'النزهة الجديدة','New Nozha','2025-01-01 21:17:09','2025-01-01 21:17:09'),(57,1,'العاصمة الإدارية','Capital New','2025-01-01 21:17:09','2025-01-01 21:17:09'),(58,2,'الجيزة','Giza','2025-01-01 21:17:09','2025-01-01 21:17:09'),(59,2,'السادس من أكتوبر','Sixth of October','2025-01-01 21:17:09','2025-01-01 21:17:09'),(60,2,'الشيخ زايد','Cheikh Zayed','2025-01-01 21:17:09','2025-01-01 21:17:09'),(61,2,'الحوامدية','Hawamdiyah','2025-01-01 21:17:09','2025-01-01 21:17:09'),(62,2,'البدرشين','Al Badrasheen','2025-01-01 21:17:09','2025-01-01 21:17:09'),(63,2,'الصف','Saf','2025-01-01 21:17:09','2025-01-01 21:17:09'),(64,2,'أطفيح','Atfih','2025-01-01 21:17:09','2025-01-01 21:17:09'),(65,2,'العياط','Al Ayat','2025-01-01 21:17:09','2025-01-01 21:17:09'),(66,2,'الباويطي','Al-Bawaiti','2025-01-01 21:17:09','2025-01-01 21:17:09'),(67,2,'منشأة القناطر','ManshiyetAl Qanater','2025-01-01 21:17:09','2025-01-01 21:17:09'),(68,2,'أوسيم','Oaseem','2025-01-01 21:17:09','2025-01-01 21:17:09'),(69,2,'كرداسة','Kerdasa','2025-01-01 21:17:09','2025-01-01 21:17:09'),(70,2,'أبو النمرس','Abu Nomros','2025-01-01 21:17:09','2025-01-01 21:17:09'),(71,2,'كفر غطاطي','Kafr Ghati','2025-01-01 21:17:09','2025-01-01 21:17:09'),(72,2,'منشأة البكاري','Manshiyet Al Bakari','2025-01-01 21:17:09','2025-01-01 21:17:09'),(73,2,'الدقى','Dokki','2025-01-01 21:17:09','2025-01-01 21:17:09'),(74,2,'العجوزة','Agouza','2025-01-01 21:17:09','2025-01-01 21:17:09'),(75,2,'الهرم','Haram','2025-01-01 21:17:09','2025-01-01 21:17:09'),(76,2,'الوراق','Warraq','2025-01-01 21:17:09','2025-01-01 21:17:09'),(77,2,'امبابة','Imbaba','2025-01-01 21:17:09','2025-01-01 21:17:09'),(78,2,'بولاق الدكرور','Boulaq Dakrour','2025-01-01 21:17:09','2025-01-01 21:17:09'),(79,2,'الواحات البحرية','Al Wahat Al Baharia','2025-01-01 21:17:09','2025-01-01 21:17:09'),(80,2,'العمرانية','Omraneya','2025-01-01 21:17:09','2025-01-01 21:17:09'),(81,2,'المنيب','Moneeb','2025-01-01 21:17:09','2025-01-01 21:17:09'),(82,2,'بين السرايات','Bin Alsarayat','2025-01-01 21:17:09','2025-01-01 21:17:09'),(83,2,'الكيت كات','Kit Kat','2025-01-01 21:17:10','2025-01-01 21:17:10'),(84,2,'المهندسين','Mohandessin','2025-01-01 21:17:10','2025-01-01 21:17:10'),(85,2,'فيصل','Faisal','2025-01-01 21:17:10','2025-01-01 21:17:10'),(86,2,'أبو رواش','Abu Rawash','2025-01-01 21:17:10','2025-01-01 21:17:10'),(87,2,'حدائق الأهرام','Hadayek Alahram','2025-01-01 21:17:10','2025-01-01 21:17:10'),(88,2,'الحرانية','Haraneya','2025-01-01 21:17:10','2025-01-01 21:17:10'),(89,2,'حدائق اكتوبر','Hadayek October','2025-01-01 21:17:10','2025-01-01 21:17:10'),(90,2,'صفط اللبن','Saft Allaban','2025-01-01 21:17:10','2025-01-01 21:17:10'),(91,2,'القرية الذكية','Smart Village','2025-01-01 21:17:10','2025-01-01 21:17:10'),(92,2,'ارض اللواء','Ard Ellwaa','2025-01-01 21:17:10','2025-01-01 21:17:10'),(93,3,'ابو قير','Abu Qir','2025-01-01 21:17:10','2025-01-01 21:17:10'),(94,3,'الابراهيمية','Al Ibrahimeyah','2025-01-01 21:17:10','2025-01-01 21:17:10'),(95,3,'الأزاريطة','Azarita','2025-01-01 21:17:10','2025-01-01 21:17:10'),(96,3,'الانفوشى','Anfoushi','2025-01-01 21:17:10','2025-01-01 21:17:10'),(97,3,'الدخيلة','Dekheila','2025-01-01 21:17:10','2025-01-01 21:17:10'),(98,3,'السيوف','El Soyof','2025-01-01 21:17:10','2025-01-01 21:17:10'),(99,3,'العامرية','Ameria','2025-01-01 21:17:10','2025-01-01 21:17:10'),(100,3,'اللبان','El Labban','2025-01-01 21:17:10','2025-01-01 21:17:10'),(101,3,'المفروزة','Al Mafrouza','2025-01-01 21:17:10','2025-01-01 21:17:10'),(102,3,'المنتزه','El Montaza','2025-01-01 21:17:10','2025-01-01 21:17:10'),(103,3,'المنشية','Mansheya','2025-01-01 21:17:10','2025-01-01 21:17:10'),(104,3,'الناصرية','Naseria','2025-01-01 21:17:10','2025-01-01 21:17:10'),(105,3,'امبروزو','Ambrozo','2025-01-01 21:17:10','2025-01-01 21:17:10'),(106,3,'باب شرق','Bab Sharq','2025-01-01 21:17:10','2025-01-01 21:17:10'),(107,3,'برج العرب','Bourj Alarab','2025-01-01 21:17:10','2025-01-01 21:17:10'),(108,3,'ستانلى','Stanley','2025-01-01 21:17:10','2025-01-01 21:17:10'),(109,3,'سموحة','Smouha','2025-01-01 21:17:10','2025-01-01 21:17:10'),(110,3,'سيدى بشر','Sidi Bishr','2025-01-01 21:17:10','2025-01-01 21:17:10'),(111,3,'شدس','Shads','2025-01-01 21:17:10','2025-01-01 21:17:10'),(112,3,'غيط العنب','Gheet Alenab','2025-01-01 21:17:10','2025-01-01 21:17:10'),(113,3,'فلمينج','Fleming','2025-01-01 21:17:10','2025-01-01 21:17:10'),(114,3,'فيكتوريا','Victoria','2025-01-01 21:17:10','2025-01-01 21:17:10'),(115,3,'كامب شيزار','Camp Shizar','2025-01-01 21:17:10','2025-01-01 21:17:10'),(116,3,'كرموز','Karmooz','2025-01-01 21:17:10','2025-01-01 21:17:10'),(117,3,'محطة الرمل','Mahta Alraml','2025-01-01 21:17:10','2025-01-01 21:17:10'),(118,3,'مينا البصل','Mina El-Basal','2025-01-01 21:17:10','2025-01-01 21:17:10'),(119,3,'العصافرة','Asafra','2025-01-01 21:17:10','2025-01-01 21:17:10'),(120,3,'العجمي','Agamy','2025-01-01 21:17:10','2025-01-01 21:17:10'),(121,3,'بكوس','Bakos','2025-01-01 21:17:10','2025-01-01 21:17:10'),(122,3,'بولكلي','Boulkly','2025-01-01 21:17:10','2025-01-01 21:17:10'),(123,3,'كليوباترا','Cleopatra','2025-01-01 21:17:10','2025-01-01 21:17:10'),(124,3,'جليم','Glim','2025-01-01 21:17:10','2025-01-01 21:17:10'),(125,3,'المعمورة','Al Mamurah','2025-01-01 21:17:10','2025-01-01 21:17:10'),(126,3,'المندرة','Al Mandara','2025-01-01 21:17:10','2025-01-01 21:17:10'),(127,3,'محرم بك','Moharam Bek','2025-01-01 21:17:10','2025-01-01 21:17:10'),(128,3,'الشاطبي','Elshatby','2025-01-01 21:17:10','2025-01-01 21:17:10'),(129,3,'سيدي جابر','Sidi Gaber','2025-01-01 21:17:10','2025-01-01 21:17:10'),(130,3,'الساحل الشمالي','North Coast/sahel','2025-01-01 21:17:10','2025-01-01 21:17:10'),(131,3,'الحضرة','Alhadra','2025-01-01 21:17:10','2025-01-01 21:17:10'),(132,3,'العطارين','Alattarin','2025-01-01 21:17:10','2025-01-01 21:17:10'),(133,3,'سيدي كرير','Sidi Kerir','2025-01-01 21:17:10','2025-01-01 21:17:10'),(134,3,'الجمرك','Elgomrok','2025-01-01 21:17:10','2025-01-01 21:17:10'),(135,3,'المكس','Al Max','2025-01-01 21:17:10','2025-01-01 21:17:10'),(136,3,'مارينا','Marina','2025-01-01 21:17:10','2025-01-01 21:17:10'),(137,4,'المنصورة','Mansoura','2025-01-01 21:17:10','2025-01-01 21:17:10'),(138,4,'طلخا','Talkha','2025-01-01 21:17:10','2025-01-01 21:17:10'),(139,4,'ميت غمر','Mitt Ghamr','2025-01-01 21:17:10','2025-01-01 21:17:10'),(140,4,'دكرنس','Dekernes','2025-01-01 21:17:10','2025-01-01 21:17:10'),(141,4,'أجا','Aga','2025-01-01 21:17:10','2025-01-01 21:17:10'),(142,4,'منية النصر','Menia El Nasr','2025-01-01 21:17:10','2025-01-01 21:17:10'),(143,4,'السنبلاوين','Sinbillawin','2025-01-01 21:17:10','2025-01-01 21:17:10'),(144,4,'الكردي','El Kurdi','2025-01-01 21:17:10','2025-01-01 21:17:10'),(145,4,'بني عبيد','Bani Ubaid','2025-01-01 21:17:10','2025-01-01 21:17:10'),(146,4,'المنزلة','Al Manzala','2025-01-01 21:17:10','2025-01-01 21:17:10'),(147,4,'تمي الأمديد','tami al\'amdid','2025-01-01 21:17:10','2025-01-01 21:17:10'),(148,4,'الجمالية','aljamalia','2025-01-01 21:17:10','2025-01-01 21:17:10'),(149,4,'شربين','Sherbin','2025-01-01 21:17:10','2025-01-01 21:17:10'),(150,4,'المطرية','Mataria','2025-01-01 21:17:10','2025-01-01 21:17:10'),(151,4,'بلقاس','Belqas','2025-01-01 21:17:10','2025-01-01 21:17:10'),(152,4,'ميت سلسيل','Meet Salsil','2025-01-01 21:17:10','2025-01-01 21:17:10'),(153,4,'جمصة','Gamasa','2025-01-01 21:17:10','2025-01-01 21:17:10'),(154,4,'محلة دمنة','Mahalat Damana','2025-01-01 21:17:10','2025-01-01 21:17:10'),(155,4,'نبروه','Nabroh','2025-01-01 21:17:10','2025-01-01 21:17:10'),(156,5,'الغردقة','Hurghada','2025-01-01 21:17:10','2025-01-01 21:17:10'),(157,5,'رأس غارب','Ras Ghareb','2025-01-01 21:17:10','2025-01-01 21:17:10'),(158,5,'سفاجا','Safaga','2025-01-01 21:17:10','2025-01-01 21:17:10'),(159,5,'القصير','El Qusiar','2025-01-01 21:17:10','2025-01-01 21:17:10'),(160,5,'مرسى علم','Marsa Alam','2025-01-01 21:17:10','2025-01-01 21:17:10'),(161,5,'الشلاتين','Shalatin','2025-01-01 21:17:10','2025-01-01 21:17:10'),(162,5,'حلايب','Halaib','2025-01-01 21:17:10','2025-01-01 21:17:10'),(163,5,'الدهار','Aldahar','2025-01-01 21:17:10','2025-01-01 21:17:10'),(164,6,'دمنهور','Damanhour','2025-01-01 21:17:10','2025-01-01 21:17:10'),(165,6,'كفر الدوار','Kafr El Dawar','2025-01-01 21:17:10','2025-01-01 21:17:10'),(166,6,'رشيد','Rashid','2025-01-01 21:17:10','2025-01-01 21:17:10'),(167,6,'إدكو','Edco','2025-01-01 21:17:10','2025-01-01 21:17:10'),(168,6,'أبو المطامير','Abu al-Matamir','2025-01-01 21:17:10','2025-01-01 21:17:10'),(169,6,'أبو حمص','Abu Homs','2025-01-01 21:17:10','2025-01-01 21:17:10'),(170,6,'الدلنجات','Delengat','2025-01-01 21:17:10','2025-01-01 21:17:10'),(171,6,'المحمودية','Mahmoudiyah','2025-01-01 21:17:10','2025-01-01 21:17:10'),(172,6,'الرحمانية','Rahmaniyah','2025-01-01 21:17:10','2025-01-01 21:17:10'),(173,6,'إيتاي البارود','Itai Baroud','2025-01-01 21:17:10','2025-01-01 21:17:10'),(174,6,'حوش عيسى','Housh Eissa','2025-01-01 21:17:10','2025-01-01 21:17:10'),(175,6,'شبراخيت','Shubrakhit','2025-01-01 21:17:10','2025-01-01 21:17:10'),(176,6,'كوم حمادة','Kom Hamada','2025-01-01 21:17:10','2025-01-01 21:17:10'),(177,6,'بدر','Badr','2025-01-01 21:17:10','2025-01-01 21:17:10'),(178,6,'وادي النطرون','Wadi Natrun','2025-01-01 21:17:10','2025-01-01 21:17:10'),(179,6,'النوبارية الجديدة','New Nubaria','2025-01-01 21:17:10','2025-01-01 21:17:10'),(180,6,'النوبارية','Alnoubareya','2025-01-01 21:17:10','2025-01-01 21:17:10'),(181,7,'الفيوم','Fayoum','2025-01-01 21:17:10','2025-01-01 21:17:10'),(182,7,'الفيوم الجديدة','Fayoum El Gedida','2025-01-01 21:17:10','2025-01-01 21:17:10'),(183,7,'طامية','Tamiya','2025-01-01 21:17:10','2025-01-01 21:17:10'),(184,7,'سنورس','Snores','2025-01-01 21:17:10','2025-01-01 21:17:10'),(185,7,'إطسا','Etsa','2025-01-01 21:17:10','2025-01-01 21:17:10'),(186,7,'إبشواي','Epschway','2025-01-01 21:17:10','2025-01-01 21:17:10'),(187,7,'يوسف الصديق','Yusuf El Sediaq','2025-01-01 21:17:10','2025-01-01 21:17:10'),(188,7,'الحادقة','Hadqa','2025-01-01 21:17:10','2025-01-01 21:17:10'),(189,7,'اطسا','Atsa','2025-01-01 21:17:10','2025-01-01 21:17:10'),(190,7,'الجامعة','Algamaa','2025-01-01 21:17:10','2025-01-01 21:17:10'),(191,7,'السيالة','Sayala','2025-01-01 21:17:10','2025-01-01 21:17:10'),(192,8,'طنطا','Tanta','2025-01-01 21:17:10','2025-01-01 21:17:10'),(193,8,'المحلة الكبرى','Al Mahalla Al Kobra','2025-01-01 21:17:10','2025-01-01 21:17:10'),(194,8,'كفر الزيات','Kafr El Zayat','2025-01-01 21:17:10','2025-01-01 21:17:10'),(195,8,'زفتى','Zefta','2025-01-01 21:17:10','2025-01-01 21:17:10'),(196,8,'السنطة','El Santa','2025-01-01 21:17:10','2025-01-01 21:17:10'),(197,8,'قطور','Qutour','2025-01-01 21:17:10','2025-01-01 21:17:10'),(198,8,'بسيون','Basion','2025-01-01 21:17:10','2025-01-01 21:17:10'),(199,8,'سمنود','Samannoud','2025-01-01 21:17:10','2025-01-01 21:17:10'),(200,9,'الإسماعيلية','Ismailia','2025-01-01 21:17:10','2025-01-01 21:17:10'),(201,9,'فايد','Fayed','2025-01-01 21:17:10','2025-01-01 21:17:10'),(202,9,'القنطرة شرق','Qantara Sharq','2025-01-01 21:17:10','2025-01-01 21:17:10'),(203,9,'القنطرة غرب','Qantara Gharb','2025-01-01 21:17:10','2025-01-01 21:17:10'),(204,9,'التل الكبير','El Tal El Kabier','2025-01-01 21:17:10','2025-01-01 21:17:10'),(205,9,'أبو صوير','Abu Sawir','2025-01-01 21:17:10','2025-01-01 21:17:10'),(206,9,'القصاصين الجديدة','Kasasien El Gedida','2025-01-01 21:17:10','2025-01-01 21:17:10'),(207,9,'نفيشة','Nefesha','2025-01-01 21:17:10','2025-01-01 21:17:10'),(208,9,'الشيخ زايد','Sheikh Zayed','2025-01-01 21:17:10','2025-01-01 21:17:10'),(209,10,'شبين الكوم','Shbeen El Koom','2025-01-01 21:17:10','2025-01-01 21:17:10'),(210,10,'مدينة السادات','Sadat City','2025-01-01 21:17:10','2025-01-01 21:17:10'),(211,10,'منوف','Menouf','2025-01-01 21:17:10','2025-01-01 21:17:10'),(212,10,'سرس الليان','Sars El-Layan','2025-01-01 21:17:10','2025-01-01 21:17:10'),(213,10,'أشمون','Ashmon','2025-01-01 21:17:10','2025-01-01 21:17:10'),(214,10,'الباجور','Al Bagor','2025-01-01 21:17:10','2025-01-01 21:17:10'),(215,10,'قويسنا','Quesna','2025-01-01 21:17:10','2025-01-01 21:17:10'),(216,10,'بركة السبع','Berkat El Saba','2025-01-01 21:17:10','2025-01-01 21:17:10'),(217,10,'تلا','Tala','2025-01-01 21:17:10','2025-01-01 21:17:10'),(218,10,'الشهداء','Al Shohada','2025-01-01 21:17:10','2025-01-01 21:17:10'),(219,11,'المنيا','Minya','2025-01-01 21:17:10','2025-01-01 21:17:10'),(220,11,'المنيا الجديدة','Minya El Gedida','2025-01-01 21:17:10','2025-01-01 21:17:10'),(221,11,'العدوة','El Adwa','2025-01-01 21:17:10','2025-01-01 21:17:10'),(222,11,'مغاغة','Magagha','2025-01-01 21:17:10','2025-01-01 21:17:10'),(223,11,'بني مزار','Bani Mazar','2025-01-01 21:17:10','2025-01-01 21:17:10'),(224,11,'مطاي','Mattay','2025-01-01 21:17:10','2025-01-01 21:17:10'),(225,11,'سمالوط','Samalut','2025-01-01 21:17:10','2025-01-01 21:17:10'),(226,11,'المدينة الفكرية','Madinat El Fekria','2025-01-01 21:17:10','2025-01-01 21:17:10'),(227,11,'ملوي','Meloy','2025-01-01 21:17:10','2025-01-01 21:17:10'),(228,11,'دير مواس','Deir Mawas','2025-01-01 21:17:10','2025-01-01 21:17:10'),(229,11,'ابو قرقاص','Abu Qurqas','2025-01-01 21:17:10','2025-01-01 21:17:10'),(230,11,'ارض سلطان','Ard Sultan','2025-01-01 21:17:10','2025-01-01 21:17:10'),(231,12,'بنها','Banha','2025-01-01 21:17:10','2025-01-01 21:17:10'),(232,12,'قليوب','Qalyub','2025-01-01 21:17:10','2025-01-01 21:17:10'),(233,12,'شبرا الخيمة','Shubra Al Khaimah','2025-01-01 21:17:10','2025-01-01 21:17:10'),(234,12,'القناطر الخيرية','Al Qanater Charity','2025-01-01 21:17:10','2025-01-01 21:17:10'),(235,12,'الخانكة','Khanka','2025-01-01 21:17:10','2025-01-01 21:17:10'),(236,12,'كفر شكر','Kafr Shukr','2025-01-01 21:17:10','2025-01-01 21:17:10'),(237,12,'طوخ','Tukh','2025-01-01 21:17:10','2025-01-01 21:17:10'),(238,12,'قها','Qaha','2025-01-01 21:17:10','2025-01-01 21:17:10'),(239,12,'العبور','Obour','2025-01-01 21:17:10','2025-01-01 21:17:10'),(240,12,'الخصوص','Khosous','2025-01-01 21:17:10','2025-01-01 21:17:10'),(241,12,'شبين القناطر','Shibin Al Qanater','2025-01-01 21:17:10','2025-01-01 21:17:10'),(242,12,'مسطرد','Mostorod','2025-01-01 21:17:10','2025-01-01 21:17:10'),(243,13,'الخارجة','El Kharga','2025-01-01 21:17:10','2025-01-01 21:17:10'),(244,13,'باريس','Paris','2025-01-01 21:17:11','2025-01-01 21:17:11'),(245,13,'موط','Mout','2025-01-01 21:17:11','2025-01-01 21:17:11'),(246,13,'الفرافرة','Farafra','2025-01-01 21:17:11','2025-01-01 21:17:11'),(247,13,'بلاط','Balat','2025-01-01 21:17:11','2025-01-01 21:17:11'),(248,13,'الداخلة','Dakhla','2025-01-01 21:17:11','2025-01-01 21:17:11'),(249,14,'السويس','Suez','2025-01-01 21:17:11','2025-01-01 21:17:11'),(250,14,'الجناين','Alganayen','2025-01-01 21:17:11','2025-01-01 21:17:11'),(251,14,'عتاقة','Ataqah','2025-01-01 21:17:11','2025-01-01 21:17:11'),(252,14,'العين السخنة','Ain Sokhna','2025-01-01 21:17:11','2025-01-01 21:17:11'),(253,14,'فيصل','Faysal','2025-01-01 21:17:11','2025-01-01 21:17:11'),(254,15,'أسوان','Aswan','2025-01-01 21:17:11','2025-01-01 21:17:11'),(255,15,'أسوان الجديدة','Aswan El Gedida','2025-01-01 21:17:11','2025-01-01 21:17:11'),(256,15,'دراو','Drau','2025-01-01 21:17:11','2025-01-01 21:17:11'),(257,15,'كوم أمبو','Kom Ombo','2025-01-01 21:17:11','2025-01-01 21:17:11'),(258,15,'نصر النوبة','Nasr Al Nuba','2025-01-01 21:17:11','2025-01-01 21:17:11'),(259,15,'كلابشة','Kalabsha','2025-01-01 21:17:11','2025-01-01 21:17:11'),(260,15,'إدفو','Edfu','2025-01-01 21:17:11','2025-01-01 21:17:11'),(261,15,'الرديسية','Al-Radisiyah','2025-01-01 21:17:11','2025-01-01 21:17:11'),(262,15,'البصيلية','Al Basilia','2025-01-01 21:17:11','2025-01-01 21:17:11'),(263,15,'السباعية','Al Sibaeia','2025-01-01 21:17:11','2025-01-01 21:17:11'),(264,15,'ابوسمبل السياحية','Abo Simbl Al Siyahia','2025-01-01 21:17:11','2025-01-01 21:17:11'),(265,15,'مرسى علم','Marsa Alam','2025-01-01 21:17:11','2025-01-01 21:17:11'),(266,16,'أسيوط','Assiut','2025-01-01 21:17:11','2025-01-01 21:17:11'),(267,16,'أسيوط الجديدة','Assiut El Gedida','2025-01-01 21:17:11','2025-01-01 21:17:11'),(268,16,'ديروط','Dayrout','2025-01-01 21:17:11','2025-01-01 21:17:11'),(269,16,'منفلوط','Manfalut','2025-01-01 21:17:11','2025-01-01 21:17:11'),(270,16,'القوصية','Qusiya','2025-01-01 21:17:11','2025-01-01 21:17:11'),(271,16,'أبنوب','Abnoub','2025-01-01 21:17:11','2025-01-01 21:17:11'),(272,16,'أبو تيج','Abu Tig','2025-01-01 21:17:11','2025-01-01 21:17:11'),(273,16,'الغنايم','El Ghanaim','2025-01-01 21:17:11','2025-01-01 21:17:11'),(274,16,'ساحل سليم','Sahel Selim','2025-01-01 21:17:11','2025-01-01 21:17:11'),(275,16,'البداري','El Badari','2025-01-01 21:17:11','2025-01-01 21:17:11'),(276,16,'صدفا','Sidfa','2025-01-01 21:17:11','2025-01-01 21:17:11'),(277,17,'بني سويف','Bani Sweif','2025-01-01 21:17:11','2025-01-01 21:17:11'),(278,17,'بني سويف الجديدة','Beni Suef El Gedida','2025-01-01 21:17:11','2025-01-01 21:17:11'),(279,17,'الواسطى','Al Wasta','2025-01-01 21:17:11','2025-01-01 21:17:11'),(280,17,'ناصر','Naser','2025-01-01 21:17:11','2025-01-01 21:17:11'),(281,17,'إهناسيا','Ehnasia','2025-01-01 21:17:11','2025-01-01 21:17:11'),(282,17,'ببا','beba','2025-01-01 21:17:11','2025-01-01 21:17:11'),(283,17,'الفشن','Fashn','2025-01-01 21:17:11','2025-01-01 21:17:11'),(284,17,'سمسطا','Somasta','2025-01-01 21:17:11','2025-01-01 21:17:11'),(285,17,'الاباصيرى','Alabbaseri','2025-01-01 21:17:11','2025-01-01 21:17:11'),(286,17,'مقبل','Mokbel','2025-01-01 21:17:11','2025-01-01 21:17:11'),(287,18,'بورسعيد','PorSaid','2025-01-01 21:17:11','2025-01-01 21:17:11'),(288,18,'بورفؤاد','Port Fouad','2025-01-01 21:17:11','2025-01-01 21:17:11'),(289,18,'العرب','Alarab','2025-01-01 21:17:11','2025-01-01 21:17:11'),(290,18,'حى الزهور','Zohour','2025-01-01 21:17:11','2025-01-01 21:17:11'),(291,18,'حى الشرق','Alsharq','2025-01-01 21:17:11','2025-01-01 21:17:11'),(292,18,'حى الضواحى','Aldawahi','2025-01-01 21:17:11','2025-01-01 21:17:11'),(293,18,'حى المناخ','Almanakh','2025-01-01 21:17:11','2025-01-01 21:17:11'),(294,18,'حى مبارك','Mubarak','2025-01-01 21:17:11','2025-01-01 21:17:11'),(295,19,'دمياط','Damietta','2025-01-01 21:17:11','2025-01-01 21:17:11'),(296,19,'دمياط الجديدة','New Damietta','2025-01-01 21:17:11','2025-01-01 21:17:11'),(297,19,'رأس البر','Ras El Bar','2025-01-01 21:17:11','2025-01-01 21:17:11'),(298,19,'فارسكور','Faraskour','2025-01-01 21:17:11','2025-01-01 21:17:11'),(299,19,'الزرقا','Zarqa','2025-01-01 21:17:11','2025-01-01 21:17:11'),(300,19,'السرو','alsaru','2025-01-01 21:17:11','2025-01-01 21:17:11'),(301,19,'الروضة','alruwda','2025-01-01 21:17:11','2025-01-01 21:17:11'),(302,19,'كفر البطيخ','Kafr El-Batikh','2025-01-01 21:17:11','2025-01-01 21:17:11'),(303,19,'عزبة البرج','Azbet Al Burg','2025-01-01 21:17:11','2025-01-01 21:17:11'),(304,19,'ميت أبو غالب','Meet Abou Ghalib','2025-01-01 21:17:11','2025-01-01 21:17:11'),(305,19,'كفر سعد','Kafr Saad','2025-01-01 21:17:11','2025-01-01 21:17:11'),(306,20,'الزقازيق','Zagazig','2025-01-01 21:17:11','2025-01-01 21:17:11'),(307,20,'العاشر من رمضان','Al Ashr Men Ramadan','2025-01-01 21:17:11','2025-01-01 21:17:11'),(308,20,'منيا القمح','Minya Al Qamh','2025-01-01 21:17:11','2025-01-01 21:17:11'),(309,20,'بلبيس','Belbeis','2025-01-01 21:17:11','2025-01-01 21:17:11'),(310,20,'مشتول السوق','Mashtoul El Souq','2025-01-01 21:17:11','2025-01-01 21:17:11'),(311,20,'القنايات','Qenaiat','2025-01-01 21:17:11','2025-01-01 21:17:11'),(312,20,'أبو حماد','Abu Hammad','2025-01-01 21:17:11','2025-01-01 21:17:11'),(313,20,'القرين','El Qurain','2025-01-01 21:17:11','2025-01-01 21:17:11'),(314,20,'ههيا','Hehia','2025-01-01 21:17:11','2025-01-01 21:17:11'),(315,20,'أبو كبير','Abu Kabir','2025-01-01 21:17:11','2025-01-01 21:17:11'),(316,20,'فاقوس','Faccus','2025-01-01 21:17:11','2025-01-01 21:17:11'),(317,20,'الصالحية الجديدة','El Salihia El Gedida','2025-01-01 21:17:11','2025-01-01 21:17:11'),(318,20,'الإبراهيمية','Al Ibrahimiyah','2025-01-01 21:17:11','2025-01-01 21:17:11'),(319,20,'ديرب نجم','Deirb Negm','2025-01-01 21:17:11','2025-01-01 21:17:11'),(320,20,'كفر صقر','Kafr Saqr','2025-01-01 21:17:11','2025-01-01 21:17:11'),(321,20,'أولاد صقر','Awlad Saqr','2025-01-01 21:17:11','2025-01-01 21:17:11'),(322,20,'الحسينية','Husseiniya','2025-01-01 21:17:11','2025-01-01 21:17:11'),(323,20,'صان الحجر القبلية','san alhajar alqablia','2025-01-01 21:17:11','2025-01-01 21:17:11'),(324,20,'منشأة أبو عمر','Manshayat Abu Omar','2025-01-01 21:17:11','2025-01-01 21:17:11'),(325,21,'الطور','Al Toor','2025-01-01 21:17:11','2025-01-01 21:17:11'),(326,21,'شرم الشيخ','Sharm El-Shaikh','2025-01-01 21:17:11','2025-01-01 21:17:11'),(327,21,'دهب','Dahab','2025-01-01 21:17:11','2025-01-01 21:17:11'),(328,21,'نويبع','Nuweiba','2025-01-01 21:17:11','2025-01-01 21:17:11'),(329,21,'طابا','Taba','2025-01-01 21:17:11','2025-01-01 21:17:11'),(330,21,'سانت كاترين','Saint Catherine','2025-01-01 21:17:11','2025-01-01 21:17:11'),(331,21,'أبو رديس','Abu Redis','2025-01-01 21:17:11','2025-01-01 21:17:11'),(332,21,'أبو زنيمة','Abu Zenaima','2025-01-01 21:17:11','2025-01-01 21:17:11'),(333,21,'رأس سدر','Ras Sidr','2025-01-01 21:17:11','2025-01-01 21:17:11'),(334,22,'كفر الشيخ','Kafr El Sheikh','2025-01-01 21:17:11','2025-01-01 21:17:11'),(335,22,'وسط البلد كفر الشيخ','Kafr El Sheikh Downtown','2025-01-01 21:17:11','2025-01-01 21:17:11'),(336,22,'دسوق','Desouq','2025-01-01 21:17:11','2025-01-01 21:17:11'),(337,22,'فوه','Fooh','2025-01-01 21:17:11','2025-01-01 21:17:11'),(338,22,'مطوبس','Metobas','2025-01-01 21:17:11','2025-01-01 21:17:11'),(339,22,'برج البرلس','Burg Al Burullus','2025-01-01 21:17:11','2025-01-01 21:17:11'),(340,22,'بلطيم','Baltim','2025-01-01 21:17:11','2025-01-01 21:17:11'),(341,22,'مصيف بلطيم','Masief Baltim','2025-01-01 21:17:11','2025-01-01 21:17:11'),(342,22,'الحامول','Hamol','2025-01-01 21:17:11','2025-01-01 21:17:11'),(343,22,'بيلا','Bella','2025-01-01 21:17:11','2025-01-01 21:17:11'),(344,22,'الرياض','Riyadh','2025-01-01 21:17:11','2025-01-01 21:17:11'),(345,22,'سيدي سالم','Sidi Salm','2025-01-01 21:17:11','2025-01-01 21:17:11'),(346,22,'قلين','Qellen','2025-01-01 21:17:11','2025-01-01 21:17:11'),(347,22,'سيدي غازي','Sidi Ghazi','2025-01-01 21:17:11','2025-01-01 21:17:11'),(348,23,'مرسى مطروح','Marsa Matrouh','2025-01-01 21:17:11','2025-01-01 21:17:11'),(349,23,'الحمام','El Hamam','2025-01-01 21:17:11','2025-01-01 21:17:11'),(350,23,'العلمين','Alamein','2025-01-01 21:17:11','2025-01-01 21:17:11'),(351,23,'الضبعة','Dabaa','2025-01-01 21:17:11','2025-01-01 21:17:11'),(352,23,'النجيلة','Al-Nagila','2025-01-01 21:17:11','2025-01-01 21:17:11'),(353,23,'سيدي براني','Sidi Brani','2025-01-01 21:17:11','2025-01-01 21:17:11'),(354,23,'السلوم','Salloum','2025-01-01 21:17:11','2025-01-01 21:17:11'),(355,23,'سيوة','Siwa','2025-01-01 21:17:11','2025-01-01 21:17:11'),(356,23,'مارينا','Marina','2025-01-01 21:17:11','2025-01-01 21:17:11'),(357,23,'الساحل الشمالى','North Coast','2025-01-01 21:17:11','2025-01-01 21:17:11'),(358,24,'الأقصر','Luxor','2025-01-01 21:17:11','2025-01-01 21:17:11'),(359,24,'الأقصر الجديدة','New Luxor','2025-01-01 21:17:11','2025-01-01 21:17:11'),(360,24,'إسنا','Esna','2025-01-01 21:17:11','2025-01-01 21:17:11'),(361,24,'طيبة الجديدة','New Tiba','2025-01-01 21:17:11','2025-01-01 21:17:11'),(362,24,'الزينية','Al ziynia','2025-01-01 21:17:11','2025-01-01 21:17:11'),(363,24,'البياضية','Al Bayadieh','2025-01-01 21:17:11','2025-01-01 21:17:11'),(364,24,'القرنة','Al Qarna','2025-01-01 21:17:11','2025-01-01 21:17:11'),(365,24,'أرمنت','Armant','2025-01-01 21:17:11','2025-01-01 21:17:11'),(366,24,'الطود','Al Tud','2025-01-01 21:17:11','2025-01-01 21:17:11'),(367,25,'قنا','Qena','2025-01-01 21:17:11','2025-01-01 21:17:11'),(368,25,'قنا الجديدة','New Qena','2025-01-01 21:17:11','2025-01-01 21:17:11'),(369,25,'ابو طشت','Abu Tesht','2025-01-01 21:17:11','2025-01-01 21:17:11'),(370,25,'نجع حمادي','Nag Hammadi','2025-01-01 21:17:11','2025-01-01 21:17:11'),(371,25,'دشنا','Deshna','2025-01-01 21:17:11','2025-01-01 21:17:11'),(372,25,'الوقف','Alwaqf','2025-01-01 21:17:11','2025-01-01 21:17:11'),(373,25,'قفط','Qaft','2025-01-01 21:17:11','2025-01-01 21:17:11'),(374,25,'نقادة','Naqada','2025-01-01 21:17:11','2025-01-01 21:17:11'),(375,25,'فرشوط','Farshout','2025-01-01 21:17:11','2025-01-01 21:17:11'),(376,25,'قوص','Quos','2025-01-01 21:17:11','2025-01-01 21:17:11'),(377,26,'العريش','Arish','2025-01-01 21:17:11','2025-01-01 21:17:11'),(378,26,'الشيخ زويد','Sheikh Zowaid','2025-01-01 21:17:11','2025-01-01 21:17:11'),(379,26,'نخل','Nakhl','2025-01-01 21:17:11','2025-01-01 21:17:11'),(380,26,'رفح','Rafah','2025-01-01 21:17:11','2025-01-01 21:17:11'),(381,26,'بئر العبد','Bir al-Abed','2025-01-01 21:17:11','2025-01-01 21:17:11'),(382,26,'الحسنة','Al Hasana','2025-01-01 21:17:11','2025-01-01 21:17:11'),(383,27,'سوهاج','Sohag','2025-01-01 21:17:11','2025-01-01 21:17:11'),(384,27,'سوهاج الجديدة','Sohag El Gedida','2025-01-01 21:17:11','2025-01-01 21:17:11'),(385,27,'أخميم','Akhmeem','2025-01-01 21:17:11','2025-01-01 21:17:11'),(386,27,'أخميم الجديدة','Akhmim El Gedida','2025-01-01 21:17:11','2025-01-01 21:17:11'),(387,27,'البلينا','Albalina','2025-01-01 21:17:11','2025-01-01 21:17:11'),(388,27,'المراغة','El Maragha','2025-01-01 21:17:11','2025-01-01 21:17:11'),(389,27,'المنشأة','almunsha\'a','2025-01-01 21:17:11','2025-01-01 21:17:11'),(390,27,'دار السلام','Dar AISalaam','2025-01-01 21:17:11','2025-01-01 21:17:11'),(391,27,'جرجا','Gerga','2025-01-01 21:17:11','2025-01-01 21:17:11'),(392,27,'جهينة الغربية','Jahina Al Gharbia','2025-01-01 21:17:11','2025-01-01 21:17:11'),(393,27,'ساقلته','Saqilatuh','2025-01-01 21:17:11','2025-01-01 21:17:11'),(394,27,'طما','Tama','2025-01-01 21:17:11','2025-01-01 21:17:11'),(395,27,'طهطا','Tahta','2025-01-01 21:17:11','2025-01-01 21:17:11'),(396,27,'الكوثر','Alkawthar','2025-01-01 21:17:11','2025-01-01 21:17:11');
/*!40000 ALTER TABLE `cities` ENABLE KEYS */;
UNLOCK TABLES;

--
-- Table structure for table `customers`
--

DROP TABLE IF EXISTS `customers`;
/*!40101 SET @saved_cs_client     = @@character_set_client */;
/*!50503 SET character_set_client = utf8mb4 */;
CREATE TABLE `customers` (
  `id` bigint unsigned NOT NULL AUTO_INCREMENT,
  `customer_name` varchar(255) COLLATE utf8mb4_unicode_ci DEFAULT NULL,
  `national_number` varchar(255) COLLATE utf8mb4_unicode_ci NOT NULL,
  `count_national_number` varchar(255) COLLATE utf8mb4_unicode_ci DEFAULT NULL,
  `phone_number` varchar(255) COLLATE utf8mb4_unicode_ci DEFAULT NULL,
  `home_number` varchar(255) COLLATE utf8mb4_unicode_ci DEFAULT NULL,
  `created_at` timestamp NULL DEFAULT NULL,
  `updated_at` timestamp NULL DEFAULT NULL,
  PRIMARY KEY (`id`),
  UNIQUE KEY `customers_national_number_unique` (`national_number`)
) ENGINE=InnoDB AUTO_INCREMENT=6 DEFAULT CHARSET=utf8mb4 COLLATE=utf8mb4_unicode_ci;
/*!40101 SET character_set_client = @saved_cs_client */;

--
-- Dumping data for table `customers`
--

LOCK TABLES `customers` WRITE;
/*!40000 ALTER TABLE `customers` DISABLE KEYS */;
INSERT INTO `customers` VALUES (5,'mohamed','12345678556566','14','12345678945',NULL,'2025-01-04 11:32:45','2025-01-04 11:32:45');
/*!40000 ALTER TABLE `customers` ENABLE KEYS */;
UNLOCK TABLES;

--
-- Table structure for table `data_shop_damietta_onlies`
--

DROP TABLE IF EXISTS `data_shop_damietta_onlies`;
/*!40101 SET @saved_cs_client     = @@character_set_client */;
/*!50503 SET character_set_client = utf8mb4 */;
CREATE TABLE `data_shop_damietta_onlies` (
  `id` bigint unsigned NOT NULL AUTO_INCREMENT,
  `government_id` bigint unsigned DEFAULT NULL,
  `auction_date` date DEFAULT NULL,
  `city_id` bigint unsigned DEFAULT NULL,
  `center` varchar(255) COLLATE utf8mb4_unicode_ci DEFAULT NULL,
  `location` varchar(255) COLLATE utf8mb4_unicode_ci DEFAULT NULL,
  `building_number` varchar(255) COLLATE utf8mb4_unicode_ci DEFAULT NULL,
  `building_entrance_number` varchar(255) COLLATE utf8mb4_unicode_ci DEFAULT NULL,
  `shop_number` varchar(255) COLLATE utf8mb4_unicode_ci DEFAULT NULL,
  `type_of_shop` varchar(255) COLLATE utf8mb4_unicode_ci DEFAULT NULL,
  `shop_area` varchar(255) COLLATE utf8mb4_unicode_ci DEFAULT NULL,
  `buyer_name` varchar(255) COLLATE utf8mb4_unicode_ci DEFAULT NULL,
  `national_number` varchar(255) COLLATE utf8mb4_unicode_ci DEFAULT NULL,
  `count_of_national_number` varchar(255) COLLATE utf8mb4_unicode_ci DEFAULT NULL,
  `phone_number` varchar(255) COLLATE utf8mb4_unicode_ci DEFAULT NULL,
  `home_number` varchar(255) COLLATE utf8mb4_unicode_ci DEFAULT NULL,
  `sell_price` decimal(10,2) DEFAULT NULL,
  `sell_price_for_meter` decimal(10,2) DEFAULT NULL,
  `payment_method` varchar(255) COLLATE utf8mb4_unicode_ci DEFAULT NULL,
  `insurance_amount` decimal(10,2) DEFAULT NULL,
  `insurance_date` date DEFAULT NULL,
  `remaining_sale_amount` decimal(10,2) DEFAULT NULL,
  `remaining_sale_date` date DEFAULT NULL,
  `maintenance_deposit_amount` decimal(10,2) DEFAULT NULL,
  `maintenance_deposit_date` date DEFAULT NULL,
  `afine_amount` decimal(10,2) DEFAULT NULL,
  `afine_date` date DEFAULT NULL,
  `installment_amount_1` decimal(10,2) DEFAULT NULL,
  `installment_date_1` date DEFAULT NULL,
  `installment_amount_2` decimal(10,2) DEFAULT NULL,
  `installment_date_2` date DEFAULT NULL,
  `installment_amount_3` decimal(10,2) DEFAULT NULL,
  `installment_date_3` date DEFAULT NULL,
  `installment_amount_4` decimal(10,2) DEFAULT NULL,
  `installment_date_4` date DEFAULT NULL,
  `installment_amount_5` decimal(10,2) DEFAULT NULL,
  `installment_date_5` date DEFAULT NULL,
  `installment_amount_6` decimal(10,2) DEFAULT NULL,
  `installment_date_6` date DEFAULT NULL,
  `installment_amount_7` decimal(10,2) DEFAULT NULL,
  `installment_date_7` date DEFAULT NULL,
  `installment_amount_8` decimal(10,2) DEFAULT NULL,
  `installment_date_8` date DEFAULT NULL,
  `installment_amount_9` decimal(10,2) DEFAULT NULL,
  `installment_date_9` date DEFAULT NULL,
  `installment_amount_10` decimal(10,2) DEFAULT NULL,
  `installment_date_10` date DEFAULT NULL,
  `installment_amount_11` decimal(10,2) DEFAULT NULL,
  `installment_date_11` date DEFAULT NULL,
  `installment_amount_12` decimal(10,2) DEFAULT NULL,
  `installment_date_12` date DEFAULT NULL,
  `installment_amount_13` decimal(10,2) DEFAULT NULL,
  `installment_date_13` date DEFAULT NULL,
  `installment_amount_14` decimal(10,2) DEFAULT NULL,
  `installment_date_14` date DEFAULT NULL,
  `installment_amount_15` decimal(10,2) DEFAULT NULL,
  `installment_date_15` date DEFAULT NULL,
  `created_at` timestamp NULL DEFAULT NULL,
  `updated_at` timestamp NULL DEFAULT NULL,
  PRIMARY KEY (`id`)
) ENGINE=InnoDB DEFAULT CHARSET=utf8mb4 COLLATE=utf8mb4_unicode_ci;
/*!40101 SET character_set_client = @saved_cs_client */;

--
-- Dumping data for table `data_shop_damietta_onlies`
--

LOCK TABLES `data_shop_damietta_onlies` WRITE;
/*!40000 ALTER TABLE `data_shop_damietta_onlies` DISABLE KEYS */;
/*!40000 ALTER TABLE `data_shop_damietta_onlies` ENABLE KEYS */;
UNLOCK TABLES;

--
-- Table structure for table `data_shop_outside_damiettas`
--

DROP TABLE IF EXISTS `data_shop_outside_damiettas`;
/*!40101 SET @saved_cs_client     = @@character_set_client */;
/*!50503 SET character_set_client = utf8mb4 */;
CREATE TABLE `data_shop_outside_damiettas` (
  `id` bigint unsigned NOT NULL AUTO_INCREMENT,
  `government_id` bigint unsigned DEFAULT NULL,
  `auction_date` date DEFAULT NULL,
  `city_id` bigint unsigned DEFAULT NULL,
  `center` varchar(255) COLLATE utf8mb4_unicode_ci DEFAULT NULL,
  `location` varchar(255) COLLATE utf8mb4_unicode_ci DEFAULT NULL,
  `building_number` varchar(255) COLLATE utf8mb4_unicode_ci DEFAULT NULL,
  `building_entrance_number` varchar(255) COLLATE utf8mb4_unicode_ci DEFAULT NULL,
  `shop_number` varchar(255) COLLATE utf8mb4_unicode_ci DEFAULT NULL,
  `type_of_shop` varchar(255) COLLATE utf8mb4_unicode_ci DEFAULT NULL,
  `shop_area` varchar(255) COLLATE utf8mb4_unicode_ci DEFAULT NULL,
  `buyer_name` varchar(255) COLLATE utf8mb4_unicode_ci DEFAULT NULL,
  `national_number` varchar(255) COLLATE utf8mb4_unicode_ci DEFAULT NULL,
  `count_of_national_number` varchar(255) COLLATE utf8mb4_unicode_ci DEFAULT NULL,
  `phone_number` varchar(255) COLLATE utf8mb4_unicode_ci DEFAULT NULL,
  `home_number` varchar(255) COLLATE utf8mb4_unicode_ci DEFAULT NULL,
  `sell_price` decimal(10,2) DEFAULT NULL,
  `sell_price_for_meter` decimal(10,2) DEFAULT NULL,
  `payment_method` varchar(255) COLLATE utf8mb4_unicode_ci DEFAULT NULL,
  `insurance_amount` decimal(10,2) DEFAULT NULL,
  `insurance_date` date DEFAULT NULL,
  `remaining_sale_amount` decimal(10,2) DEFAULT NULL,
  `remaining_sale_date` date DEFAULT NULL,
  `maintenance_deposit_amount` decimal(10,2) DEFAULT NULL,
  `maintenance_deposit_date` date DEFAULT NULL,
  `afine_amount` decimal(10,2) DEFAULT NULL,
  `afine_date` date DEFAULT NULL,
  `created_at` timestamp NULL DEFAULT NULL,
  `updated_at` timestamp NULL DEFAULT NULL,
  PRIMARY KEY (`id`)
) ENGINE=InnoDB DEFAULT CHARSET=utf8mb4 COLLATE=utf8mb4_unicode_ci;
/*!40101 SET character_set_client = @saved_cs_client */;

--
-- Dumping data for table `data_shop_outside_damiettas`
--

LOCK TABLES `data_shop_outside_damiettas` WRITE;
/*!40000 ALTER TABLE `data_shop_outside_damiettas` DISABLE KEYS */;
/*!40000 ALTER TABLE `data_shop_outside_damiettas` ENABLE KEYS */;
UNLOCK TABLES;

--
-- Table structure for table `departments`
--

DROP TABLE IF EXISTS `departments`;
/*!40101 SET @saved_cs_client     = @@character_set_client */;
/*!50503 SET character_set_client = utf8mb4 */;
CREATE TABLE `departments` (
  `id` bigint unsigned NOT NULL AUTO_INCREMENT,
  `name_ar` varchar(255) COLLATE utf8mb4_unicode_ci NOT NULL,
  `name_en` varchar(255) COLLATE utf8mb4_unicode_ci NOT NULL,
  `created_at` timestamp NULL DEFAULT NULL,
  `updated_at` timestamp NULL DEFAULT NULL,
  PRIMARY KEY (`id`),
  UNIQUE KEY `departments_name_ar_name_en_unique` (`name_ar`,`name_en`)
) ENGINE=InnoDB AUTO_INCREMENT=9 DEFAULT CHARSET=utf8mb4 COLLATE=utf8mb4_unicode_ci;
/*!40101 SET character_set_client = @saved_cs_client */;

--
-- Dumping data for table `departments`
--

LOCK TABLES `departments` WRITE;
/*!40000 ALTER TABLE `departments` DISABLE KEYS */;
INSERT INTO `departments` VALUES (1,'نظم المعلومات','IT','2025-01-01 21:17:09','2025-01-01 21:17:09'),(2,'المالية','Financial','2025-01-01 21:17:09','2025-01-01 21:17:09'),(3,'الهندسية','Engineering','2025-01-01 21:17:09','2025-01-01 21:17:09'),(4,'المكتب الفني','COE','2025-01-01 21:17:09','2025-01-01 21:17:09'),(5,'الدعم','Support','2025-01-01 21:17:09','2025-01-01 21:17:09'),(6,'البحوث','Research','2025-01-01 21:17:09','2025-01-01 21:17:09'),(7,'الاستثمار','Investment','2025-01-01 21:17:09','2025-01-01 21:17:09'),(8,'القانونية','Law','2025-01-01 21:17:09','2025-01-01 21:17:09');
/*!40000 ALTER TABLE `departments` ENABLE KEYS */;
UNLOCK TABLES;

--
-- Table structure for table `failed_jobs`
--

DROP TABLE IF EXISTS `failed_jobs`;
/*!40101 SET @saved_cs_client     = @@character_set_client */;
/*!50503 SET character_set_client = utf8mb4 */;
CREATE TABLE `failed_jobs` (
  `id` bigint unsigned NOT NULL AUTO_INCREMENT,
  `uuid` varchar(255) COLLATE utf8mb4_unicode_ci NOT NULL,
  `connection` text COLLATE utf8mb4_unicode_ci NOT NULL,
  `queue` text COLLATE utf8mb4_unicode_ci NOT NULL,
  `payload` longtext COLLATE utf8mb4_unicode_ci NOT NULL,
  `exception` longtext COLLATE utf8mb4_unicode_ci NOT NULL,
  `failed_at` timestamp NOT NULL DEFAULT CURRENT_TIMESTAMP,
  PRIMARY KEY (`id`),
  UNIQUE KEY `failed_jobs_uuid_unique` (`uuid`)
) ENGINE=InnoDB DEFAULT CHARSET=utf8mb4 COLLATE=utf8mb4_unicode_ci;
/*!40101 SET character_set_client = @saved_cs_client */;

--
-- Dumping data for table `failed_jobs`
--

LOCK TABLES `failed_jobs` WRITE;
/*!40000 ALTER TABLE `failed_jobs` DISABLE KEYS */;
/*!40000 ALTER TABLE `failed_jobs` ENABLE KEYS */;
UNLOCK TABLES;

--
-- Table structure for table `governments`
--

DROP TABLE IF EXISTS `governments`;
/*!40101 SET @saved_cs_client     = @@character_set_client */;
/*!50503 SET character_set_client = utf8mb4 */;
CREATE TABLE `governments` (
  `id` bigint unsigned NOT NULL AUTO_INCREMENT,
  `name_ar` varchar(255) COLLATE utf8mb4_unicode_ci NOT NULL,
  `name_en` varchar(255) COLLATE utf8mb4_unicode_ci NOT NULL,
  `created_at` timestamp NULL DEFAULT NULL,
  `updated_at` timestamp NULL DEFAULT NULL,
  PRIMARY KEY (`id`),
  UNIQUE KEY `governments_name_ar_name_en_unique` (`name_ar`,`name_en`)
) ENGINE=InnoDB AUTO_INCREMENT=28 DEFAULT CHARSET=utf8mb4 COLLATE=utf8mb4_unicode_ci;
/*!40101 SET character_set_client = @saved_cs_client */;

--
-- Dumping data for table `governments`
--

LOCK TABLES `governments` WRITE;
/*!40000 ALTER TABLE `governments` DISABLE KEYS */;
INSERT INTO `governments` VALUES (1,'القاهرة','Cairo','2025-01-01 21:17:09','2025-01-01 21:17:09'),(2,'الجيزة','Giza','2025-01-01 21:17:09','2025-01-01 21:17:09'),(3,'الأسكندرية','Alexandria','2025-01-01 21:17:09','2025-01-01 21:17:09'),(4,'الدقهلية','Dakahlia','2025-01-01 21:17:09','2025-01-01 21:17:09'),(5,'البحر الأحمر','Red Sea','2025-01-01 21:17:09','2025-01-01 21:17:09'),(6,'البحيرة','Beheira','2025-01-01 21:17:09','2025-01-01 21:17:09'),(7,'الفيوم','Fayoum','2025-01-01 21:17:09','2025-01-01 21:17:09'),(8,'الغربية','Gharbiya','2025-01-01 21:17:09','2025-01-01 21:17:09'),(9,'الإسماعلية','Ismailia','2025-01-01 21:17:09','2025-01-01 21:17:09'),(10,'المنوفية','Menofia','2025-01-01 21:17:09','2025-01-01 21:17:09'),(11,'المنيا','Minya','2025-01-01 21:17:09','2025-01-01 21:17:09'),(12,'القليوبية','Qaliubiya','2025-01-01 21:17:09','2025-01-01 21:17:09'),(13,'الوادي الجديد','New Valley','2025-01-01 21:17:09','2025-01-01 21:17:09'),(14,'السويس','Suez','2025-01-01 21:17:09','2025-01-01 21:17:09'),(15,'اسوان','Aswan','2025-01-01 21:17:09','2025-01-01 21:17:09'),(16,'اسيوط','Assiut','2025-01-01 21:17:09','2025-01-01 21:17:09'),(17,'بني سويف','Beni Suef','2025-01-01 21:17:09','2025-01-01 21:17:09'),(18,'بورسعيد','Port Said','2025-01-01 21:17:09','2025-01-01 21:17:09'),(19,'دمياط','Damietta','2025-01-01 21:17:09','2025-01-01 21:17:09'),(20,'الشرقية','Sharkia','2025-01-01 21:17:09','2025-01-01 21:17:09'),(21,'جنوب سيناء','South Sinai','2025-01-01 21:17:09','2025-01-01 21:17:09'),(22,'كفر الشيخ','Kafr Al sheikh','2025-01-01 21:17:09','2025-01-01 21:17:09'),(23,'مطروح','Matrouh','2025-01-01 21:17:09','2025-01-01 21:17:09'),(24,'الأقصر','Luxor','2025-01-01 21:17:09','2025-01-01 21:17:09'),(25,'قنا','Qena','2025-01-01 21:17:09','2025-01-01 21:17:09'),(26,'شمال سيناء','North Sinai','2025-01-01 21:17:09','2025-01-01 21:17:09'),(27,'سوهاج','Sohag','2025-01-01 21:17:09','2025-01-01 21:17:09');
/*!40000 ALTER TABLE `governments` ENABLE KEYS */;
UNLOCK TABLES;

--
-- Table structure for table `installments`
--

DROP TABLE IF EXISTS `installments`;
/*!40101 SET @saved_cs_client     = @@character_set_client */;
/*!50503 SET character_set_client = utf8mb4 */;
CREATE TABLE `installments` (
  `id` bigint unsigned NOT NULL AUTO_INCREMENT,
  `sale_id` bigint unsigned NOT NULL,
  `installment_number` int DEFAULT NULL,
  `installment_amount` decimal(10,2) DEFAULT NULL,
  `installment_date` date DEFAULT NULL,
  `created_at` timestamp NULL DEFAULT NULL,
  `updated_at` timestamp NULL DEFAULT NULL,
  PRIMARY KEY (`id`),
  KEY `installments_sale_id_foreign` (`sale_id`),
  CONSTRAINT `installments_sale_id_foreign` FOREIGN KEY (`sale_id`) REFERENCES `sales` (`id`)
) ENGINE=InnoDB DEFAULT CHARSET=utf8mb4 COLLATE=utf8mb4_unicode_ci;
/*!40101 SET character_set_client = @saved_cs_client */;

--
-- Dumping data for table `installments`
--

LOCK TABLES `installments` WRITE;
/*!40000 ALTER TABLE `installments` DISABLE KEYS */;
/*!40000 ALTER TABLE `installments` ENABLE KEYS */;
UNLOCK TABLES;

--
-- Table structure for table `migrations`
--

DROP TABLE IF EXISTS `migrations`;
/*!40101 SET @saved_cs_client     = @@character_set_client */;
/*!50503 SET character_set_client = utf8mb4 */;
CREATE TABLE `migrations` (
  `id` int unsigned NOT NULL AUTO_INCREMENT,
  `migration` varchar(255) COLLATE utf8mb4_unicode_ci NOT NULL,
  `batch` int NOT NULL,
  PRIMARY KEY (`id`)
) ENGINE=InnoDB AUTO_INCREMENT=19 DEFAULT CHARSET=utf8mb4 COLLATE=utf8mb4_unicode_ci;
/*!40101 SET character_set_client = @saved_cs_client */;

--
-- Dumping data for table `migrations`
--

LOCK TABLES `migrations` WRITE;
/*!40000 ALTER TABLE `migrations` DISABLE KEYS */;
INSERT INTO `migrations` VALUES (1,'2014_10_12_000000_create_users_table',1),(2,'2014_10_12_100000_create_password_reset_tokens_table',1),(3,'2014_10_12_200000_add_two_factor_columns_to_users_table',1),(4,'2019_08_19_000000_create_failed_jobs_table',1),(5,'2019_12_14_000001_create_personal_access_tokens_table',1),(6,'2023_09_19_091155_create_sessions_table',1),(7,'2023_09_19_105030_create_permission_tables',1),(8,'2024_02_29_234800_create_cache_table',1),(9,'2024_12_05_123051_create_departments_table',1),(10,'2024_12_06_142955_add_department_id_to_users_table',1),(11,'2024_12_06_151154_create_governments_table',1),(12,'2024_12_06_151240_create_cities_table',1),(13,'2024_12_06_172808_create_data_shop_outside_damiettas_table',1),(14,'2024_12_11_100019_create_data_shop_damietta_onlies_table',1),(15,'2025_01_01_210123_create_customers_table',1),(16,'2025_01_01_214051_create_shops_table',1),(17,'2025_01_01_220522_create_sales_table',1),(18,'2025_01_01_220523_create_installments_table',1);
/*!40000 ALTER TABLE `migrations` ENABLE KEYS */;
UNLOCK TABLES;

--
-- Table structure for table `model_has_permissions`
--

DROP TABLE IF EXISTS `model_has_permissions`;
/*!40101 SET @saved_cs_client     = @@character_set_client */;
/*!50503 SET character_set_client = utf8mb4 */;
CREATE TABLE `model_has_permissions` (
  `permission_id` bigint unsigned NOT NULL,
  `model_type` varchar(255) COLLATE utf8mb4_unicode_ci NOT NULL,
  `model_id` bigint unsigned NOT NULL,
  PRIMARY KEY (`permission_id`,`model_id`,`model_type`),
  KEY `model_has_permissions_model_id_model_type_index` (`model_id`,`model_type`),
  CONSTRAINT `model_has_permissions_permission_id_foreign` FOREIGN KEY (`permission_id`) REFERENCES `permissions` (`id`) ON DELETE CASCADE
) ENGINE=InnoDB DEFAULT CHARSET=utf8mb4 COLLATE=utf8mb4_unicode_ci;
/*!40101 SET character_set_client = @saved_cs_client */;

--
-- Dumping data for table `model_has_permissions`
--

LOCK TABLES `model_has_permissions` WRITE;
/*!40000 ALTER TABLE `model_has_permissions` DISABLE KEYS */;
/*!40000 ALTER TABLE `model_has_permissions` ENABLE KEYS */;
UNLOCK TABLES;

--
-- Table structure for table `model_has_roles`
--

DROP TABLE IF EXISTS `model_has_roles`;
/*!40101 SET @saved_cs_client     = @@character_set_client */;
/*!50503 SET character_set_client = utf8mb4 */;
CREATE TABLE `model_has_roles` (
  `role_id` bigint unsigned NOT NULL,
  `model_type` varchar(255) COLLATE utf8mb4_unicode_ci NOT NULL,
  `model_id` bigint unsigned NOT NULL,
  PRIMARY KEY (`role_id`,`model_id`,`model_type`),
  KEY `model_has_roles_model_id_model_type_index` (`model_id`,`model_type`),
  CONSTRAINT `model_has_roles_role_id_foreign` FOREIGN KEY (`role_id`) REFERENCES `roles` (`id`) ON DELETE CASCADE
) ENGINE=InnoDB DEFAULT CHARSET=utf8mb4 COLLATE=utf8mb4_unicode_ci;
/*!40101 SET character_set_client = @saved_cs_client */;

--
-- Dumping data for table `model_has_roles`
--

LOCK TABLES `model_has_roles` WRITE;
/*!40000 ALTER TABLE `model_has_roles` DISABLE KEYS */;
INSERT INTO `model_has_roles` VALUES (3,'App\\Models\\User',1);
/*!40000 ALTER TABLE `model_has_roles` ENABLE KEYS */;
UNLOCK TABLES;

--
-- Table structure for table `password_reset_tokens`
--

DROP TABLE IF EXISTS `password_reset_tokens`;
/*!40101 SET @saved_cs_client     = @@character_set_client */;
/*!50503 SET character_set_client = utf8mb4 */;
CREATE TABLE `password_reset_tokens` (
  `email` varchar(255) COLLATE utf8mb4_unicode_ci NOT NULL,
  `token` varchar(255) COLLATE utf8mb4_unicode_ci NOT NULL,
  `created_at` timestamp NULL DEFAULT NULL,
  PRIMARY KEY (`email`)
) ENGINE=InnoDB DEFAULT CHARSET=utf8mb4 COLLATE=utf8mb4_unicode_ci;
/*!40101 SET character_set_client = @saved_cs_client */;

--
-- Dumping data for table `password_reset_tokens`
--

LOCK TABLES `password_reset_tokens` WRITE;
/*!40000 ALTER TABLE `password_reset_tokens` DISABLE KEYS */;
/*!40000 ALTER TABLE `password_reset_tokens` ENABLE KEYS */;
UNLOCK TABLES;

--
-- Table structure for table `permissions`
--

DROP TABLE IF EXISTS `permissions`;
/*!40101 SET @saved_cs_client     = @@character_set_client */;
/*!50503 SET character_set_client = utf8mb4 */;
CREATE TABLE `permissions` (
  `id` bigint unsigned NOT NULL AUTO_INCREMENT,
  `name` varchar(255) COLLATE utf8mb4_unicode_ci NOT NULL,
  `guard_name` varchar(255) COLLATE utf8mb4_unicode_ci NOT NULL,
  `created_at` timestamp NULL DEFAULT NULL,
  `updated_at` timestamp NULL DEFAULT NULL,
  PRIMARY KEY (`id`),
  UNIQUE KEY `permissions_name_guard_name_unique` (`name`,`guard_name`)
) ENGINE=InnoDB AUTO_INCREMENT=61 DEFAULT CHARSET=utf8mb4 COLLATE=utf8mb4_unicode_ci;
/*!40101 SET character_set_client = @saved_cs_client */;

--
-- Dumping data for table `permissions`
--

LOCK TABLES `permissions` WRITE;
/*!40000 ALTER TABLE `permissions` DISABLE KEYS */;
INSERT INTO `permissions` VALUES (1,'view-profile','web','2025-01-01 21:17:07','2025-01-01 21:17:07'),(2,'view-user','web','2025-01-01 21:17:07','2025-01-01 21:17:07'),(3,'create-user','web','2025-01-01 21:17:07','2025-01-01 21:17:07'),(4,'edit-user','web','2025-01-01 21:17:07','2025-01-01 21:17:07'),(5,'delete-user','web','2025-01-01 21:17:08','2025-01-01 21:17:08'),(6,'show-user','web','2025-01-01 21:17:08','2025-01-01 21:17:08'),(7,'restore-user','web','2025-01-01 21:17:08','2025-01-01 21:17:08'),(8,'force-delete-user','web','2025-01-01 21:17:08','2025-01-01 21:17:08'),(9,'bulk-delete-user','web','2025-01-01 21:17:08','2025-01-01 21:17:08'),(10,'force-bulk-delete-user','web','2025-01-01 21:17:08','2025-01-01 21:17:08'),(11,'view-role','web','2025-01-01 21:17:08','2025-01-01 21:17:08'),(12,'create-role','web','2025-01-01 21:17:08','2025-01-01 21:17:08'),(13,'edit-role','web','2025-01-01 21:17:08','2025-01-01 21:17:08'),(14,'delete-role','web','2025-01-01 21:17:08','2025-01-01 21:17:08'),(15,'show-role','web','2025-01-01 21:17:08','2025-01-01 21:17:08'),(16,'bulk-delete-role','web','2025-01-01 21:17:08','2025-01-01 21:17:08'),(17,'view-permission','web','2025-01-01 21:17:08','2025-01-01 21:17:08'),(18,'create-permission','web','2025-01-01 21:17:08','2025-01-01 21:17:08'),(19,'edit-permission','web','2025-01-01 21:17:08','2025-01-01 21:17:08'),(20,'delete-permission','web','2025-01-01 21:17:08','2025-01-01 21:17:08'),(21,'show-permission','web','2025-01-01 21:17:08','2025-01-01 21:17:08'),(22,'bulk-delete-permission','web','2025-01-01 21:17:08','2025-01-01 21:17:08'),(23,'view-trash-group-button','web','2025-01-01 21:17:08','2025-01-01 21:17:08'),(24,'view-backup-database','web','2025-01-01 21:17:08','2025-01-01 21:17:08'),(25,'view-department','web','2025-01-01 21:17:08','2025-01-01 21:17:08'),(26,'create-department','web','2025-01-01 21:17:08','2025-01-01 21:17:08'),(27,'edit-department','web','2025-01-01 21:17:08','2025-01-01 21:17:08'),(28,'delete-department','web','2025-01-01 21:17:08','2025-01-01 21:17:08'),(29,'show-department','web','2025-01-01 21:17:08','2025-01-01 21:17:08'),(30,'bulk-delete-department','web','2025-01-01 21:17:08','2025-01-01 21:17:08'),(31,'view-customer','web','2025-01-01 21:17:08','2025-01-01 21:17:08'),(32,'create-customer','web','2025-01-01 21:17:08','2025-01-01 21:17:08'),(33,'edit-customer','web','2025-01-01 21:17:08','2025-01-01 21:17:08'),(34,'delete-customer','web','2025-01-01 21:17:08','2025-01-01 21:17:08'),(35,'show-customer','web','2025-01-01 21:17:08','2025-01-01 21:17:08'),(36,'bulk-delete-customer','web','2025-01-01 21:17:08','2025-01-01 21:17:08'),(37,'view-shop-outside-damietta','web','2025-01-01 21:17:08','2025-01-01 21:17:08'),(38,'create-shop-outside-damietta','web','2025-01-01 21:17:08','2025-01-01 21:17:08'),(39,'edit-shop-outside-damietta','web','2025-01-01 21:17:08','2025-01-01 21:17:08'),(40,'delete-shop-outside-damietta','web','2025-01-01 21:17:08','2025-01-01 21:17:08'),(41,'bulk-delete-shop-outside-damietta','web','2025-01-01 21:17:08','2025-01-01 21:17:08'),(42,'import-shop-outside-damietta','web','2025-01-01 21:17:08','2025-01-01 21:17:08'),(43,'export-shop-outside-damietta','web','2025-01-01 21:17:08','2025-01-01 21:17:08'),(44,'view-shop-damietta-only','web','2025-01-01 21:17:08','2025-01-01 21:17:08'),(45,'create-shop-damietta-only','web','2025-01-01 21:17:08','2025-01-01 21:17:08'),(46,'edit-shop-damietta-only','web','2025-01-01 21:17:08','2025-01-01 21:17:08'),(47,'delete-shop-damietta-only','web','2025-01-01 21:17:08','2025-01-01 21:17:08'),(48,'bulk-delete-shop-damietta-only','web','2025-01-01 21:17:08','2025-01-01 21:17:08'),(49,'import-shop-damietta-only','web','2025-01-01 21:17:08','2025-01-01 21:17:08'),(50,'export-shop-damietta-only','web','2025-01-01 21:17:08','2025-01-01 21:17:08'),(51,'view-chart-user','web','2025-01-01 21:17:08','2025-01-01 21:17:08'),(52,'view-chart-shop-outside-damietta','web','2025-01-01 21:17:08','2025-01-01 21:17:08'),(53,'view-chart-shop-damietta-only','web','2025-01-01 21:17:08','2025-01-01 21:17:08'),(54,'delete-profile-account','web','2025-01-01 21:17:08','2025-01-01 21:17:08'),(55,'logout-profile-sessions','web','2025-01-01 21:17:08','2025-01-01 21:17:08'),(56,'view-shop','web','2025-01-04 00:13:41','2025-01-04 00:14:06'),(57,'edit-shop','web','2025-01-04 00:14:00','2025-01-04 00:14:00'),(58,'create-shop','web','2025-01-04 00:14:30','2025-01-04 00:14:30'),(59,'delete-shop','web','2025-01-04 00:14:54','2025-01-04 00:14:54'),(60,'bulk-delete-shop','web','2025-01-04 00:15:10','2025-01-04 00:15:10');
/*!40000 ALTER TABLE `permissions` ENABLE KEYS */;
UNLOCK TABLES;

--
-- Table structure for table `personal_access_tokens`
--

DROP TABLE IF EXISTS `personal_access_tokens`;
/*!40101 SET @saved_cs_client     = @@character_set_client */;
/*!50503 SET character_set_client = utf8mb4 */;
CREATE TABLE `personal_access_tokens` (
  `id` bigint unsigned NOT NULL AUTO_INCREMENT,
  `tokenable_type` varchar(255) COLLATE utf8mb4_unicode_ci NOT NULL,
  `tokenable_id` bigint unsigned NOT NULL,
  `name` varchar(255) COLLATE utf8mb4_unicode_ci NOT NULL,
  `token` varchar(64) COLLATE utf8mb4_unicode_ci NOT NULL,
  `abilities` text COLLATE utf8mb4_unicode_ci,
  `last_used_at` timestamp NULL DEFAULT NULL,
  `expires_at` timestamp NULL DEFAULT NULL,
  `created_at` timestamp NULL DEFAULT NULL,
  `updated_at` timestamp NULL DEFAULT NULL,
  PRIMARY KEY (`id`),
  UNIQUE KEY `personal_access_tokens_token_unique` (`token`),
  KEY `personal_access_tokens_tokenable_type_tokenable_id_index` (`tokenable_type`,`tokenable_id`)
) ENGINE=InnoDB DEFAULT CHARSET=utf8mb4 COLLATE=utf8mb4_unicode_ci;
/*!40101 SET character_set_client = @saved_cs_client */;

--
-- Dumping data for table `personal_access_tokens`
--

LOCK TABLES `personal_access_tokens` WRITE;
/*!40000 ALTER TABLE `personal_access_tokens` DISABLE KEYS */;
/*!40000 ALTER TABLE `personal_access_tokens` ENABLE KEYS */;
UNLOCK TABLES;

--
-- Table structure for table `role_has_permissions`
--

DROP TABLE IF EXISTS `role_has_permissions`;
/*!40101 SET @saved_cs_client     = @@character_set_client */;
/*!50503 SET character_set_client = utf8mb4 */;
CREATE TABLE `role_has_permissions` (
  `permission_id` bigint unsigned NOT NULL,
  `role_id` bigint unsigned NOT NULL,
  PRIMARY KEY (`permission_id`,`role_id`),
  KEY `role_has_permissions_role_id_foreign` (`role_id`),
  CONSTRAINT `role_has_permissions_permission_id_foreign` FOREIGN KEY (`permission_id`) REFERENCES `permissions` (`id`) ON DELETE CASCADE,
  CONSTRAINT `role_has_permissions_role_id_foreign` FOREIGN KEY (`role_id`) REFERENCES `roles` (`id`) ON DELETE CASCADE
) ENGINE=InnoDB DEFAULT CHARSET=utf8mb4 COLLATE=utf8mb4_unicode_ci;
/*!40101 SET character_set_client = @saved_cs_client */;

--
-- Dumping data for table `role_has_permissions`
--

LOCK TABLES `role_has_permissions` WRITE;
/*!40000 ALTER TABLE `role_has_permissions` DISABLE KEYS */;
INSERT INTO `role_has_permissions` VALUES (1,3),(2,3),(3,3),(4,3),(5,3),(6,3),(7,3),(8,3),(9,3),(10,3),(11,3),(12,3),(13,3),(14,3),(15,3),(16,3),(17,3),(18,3),(19,3),(20,3),(21,3),(22,3),(23,3),(24,3),(25,3),(26,3),(27,3),(28,3),(29,3),(30,3),(31,3),(32,3),(33,3),(34,3),(35,3),(36,3),(37,3),(38,3),(39,3),(40,3),(41,3),(42,3),(43,3),(44,3),(45,3),(46,3),(47,3),(48,3),(49,3),(50,3),(51,3),(52,3),(53,3),(54,3),(55,3),(56,3),(57,3),(58,3),(59,3),(60,3);
/*!40000 ALTER TABLE `role_has_permissions` ENABLE KEYS */;
UNLOCK TABLES;

--
-- Table structure for table `roles`
--

DROP TABLE IF EXISTS `roles`;
/*!40101 SET @saved_cs_client     = @@character_set_client */;
/*!50503 SET character_set_client = utf8mb4 */;
CREATE TABLE `roles` (
  `id` bigint unsigned NOT NULL AUTO_INCREMENT,
  `name` varchar(255) COLLATE utf8mb4_unicode_ci NOT NULL,
  `guard_name` varchar(255) COLLATE utf8mb4_unicode_ci NOT NULL,
  `created_at` timestamp NULL DEFAULT NULL,
  `updated_at` timestamp NULL DEFAULT NULL,
  PRIMARY KEY (`id`),
  UNIQUE KEY `roles_name_guard_name_unique` (`name`,`guard_name`)
) ENGINE=InnoDB AUTO_INCREMENT=4 DEFAULT CHARSET=utf8mb4 COLLATE=utf8mb4_unicode_ci;
/*!40101 SET character_set_client = @saved_cs_client */;

--
-- Dumping data for table `roles`
--

LOCK TABLES `roles` WRITE;
/*!40000 ALTER TABLE `roles` DISABLE KEYS */;
INSERT INTO `roles` VALUES (1,'Admin','web','2025-01-01 21:17:08','2025-01-01 21:17:08'),(2,'User','web','2025-01-01 21:17:08','2025-01-01 21:17:08'),(3,'Super Admin','web','2025-01-01 21:17:08','2025-01-01 21:17:08');
/*!40000 ALTER TABLE `roles` ENABLE KEYS */;
UNLOCK TABLES;

--
-- Table structure for table `sales`
--

DROP TABLE IF EXISTS `sales`;
/*!40101 SET @saved_cs_client     = @@character_set_client */;
/*!50503 SET character_set_client = utf8mb4 */;
CREATE TABLE `sales` (
  `id` bigint unsigned NOT NULL AUTO_INCREMENT,
  `customer_id` bigint unsigned NOT NULL,
  `shop_id` bigint unsigned NOT NULL,
  `payment_method` varchar(255) COLLATE utf8mb4_unicode_ci DEFAULT NULL,
  `insurance_amount` decimal(10,2) DEFAULT NULL,
  `insurance_date` date DEFAULT NULL,
  `remaining_sale_amount` decimal(10,2) DEFAULT NULL,
  `remaining_sale_date` date DEFAULT NULL,
  `maintenance_deposit_amount` decimal(10,2) DEFAULT NULL,
  `maintenance_deposit_date` date DEFAULT NULL,
  `afine_amount` decimal(10,2) DEFAULT NULL,
  `afine_date` date DEFAULT NULL,
  `created_at` timestamp NULL DEFAULT NULL,
  `updated_at` timestamp NULL DEFAULT NULL,
  PRIMARY KEY (`id`),
  KEY `sales_customer_id_foreign` (`customer_id`),
  KEY `sales_shop_id_foreign` (`shop_id`),
  CONSTRAINT `sales_customer_id_foreign` FOREIGN KEY (`customer_id`) REFERENCES `customers` (`id`),
  CONSTRAINT `sales_shop_id_foreign` FOREIGN KEY (`shop_id`) REFERENCES `shops` (`id`)
) ENGINE=InnoDB DEFAULT CHARSET=utf8mb4 COLLATE=utf8mb4_unicode_ci;
/*!40101 SET character_set_client = @saved_cs_client */;

--
-- Dumping data for table `sales`
--

LOCK TABLES `sales` WRITE;
/*!40000 ALTER TABLE `sales` DISABLE KEYS */;
/*!40000 ALTER TABLE `sales` ENABLE KEYS */;
UNLOCK TABLES;

--
-- Table structure for table `sessions`
--

DROP TABLE IF EXISTS `sessions`;
/*!40101 SET @saved_cs_client     = @@character_set_client */;
/*!50503 SET character_set_client = utf8mb4 */;
CREATE TABLE `sessions` (
  `id` varchar(255) COLLATE utf8mb4_unicode_ci NOT NULL,
  `user_id` bigint unsigned DEFAULT NULL,
  `ip_address` varchar(45) COLLATE utf8mb4_unicode_ci DEFAULT NULL,
  `user_agent` text COLLATE utf8mb4_unicode_ci,
  `payload` longtext COLLATE utf8mb4_unicode_ci NOT NULL,
  `last_activity` int NOT NULL,
  PRIMARY KEY (`id`),
  KEY `sessions_user_id_index` (`user_id`),
  KEY `sessions_last_activity_index` (`last_activity`)
) ENGINE=InnoDB DEFAULT CHARSET=utf8mb4 COLLATE=utf8mb4_unicode_ci;
/*!40101 SET character_set_client = @saved_cs_client */;

--
-- Dumping data for table `sessions`
--

LOCK TABLES `sessions` WRITE;
/*!40000 ALTER TABLE `sessions` DISABLE KEYS */;
INSERT INTO `sessions` VALUES ('5FK58BPH8HTA6hlxynOTsQRBghvR34FJ4kE4OuUk',1,'127.0.0.1','Mozilla/5.0 (X11; Linux x86_64) AppleWebKit/537.36 (KHTML, like Gecko) Chrome/110.0.0.0 Safari/537.36','YTo2OntzOjY6Il90b2tlbiI7czo0MDoiRTJXT2ZWV3VwckNGaHphNm01MVFqQWxoazJCek1TNVpCMUVZUzhicSI7czo5OiJfcHJldmlvdXMiO2E6MTp7czozOiJ1cmwiO3M6NDQ6Imh0dHA6Ly9zeXN0ZW0tZW5naW5lZXJpbmctbWZmLnRlc3QvYXIvYmFja3VwIjt9czo2OiJfZmxhc2giO2E6Mjp7czozOiJvbGQiO2E6MDp7fXM6MzoibmV3IjthOjA6e319czo2OiJsb2NhbGUiO3M6MjoiYXIiO3M6NTA6ImxvZ2luX3dlYl81OWJhMzZhZGRjMmIyZjk0MDE1ODBmMDE0YzdmNThlYTRlMzA5ODlkIjtpOjE7czoyMToicGFzc3dvcmRfaGFzaF9zYW5jdHVtIjtzOjYwOiIkMnkkMTAkdGdpNjI0RWNkbXFvY2RIQW11aDI1T0N1REhEazU3Mks2RlQvcGZUa05tMkZJNkZIQ1hielciO30=',1736194318),('sKCuplvjTB73Bl4YANP7FHNo4lvjy35Dz44sytIJ',1,'127.0.0.1','Mozilla/5.0 (X11; Linux x86_64) AppleWebKit/537.36 (KHTML, like Gecko) Chrome/110.0.0.0 Safari/537.36','YTo3OntzOjY6Il90b2tlbiI7czo0MDoiS2JXQm5PZ2dVbTFYRXNKTVZCdEF0ZmJWdzduOHFlcllsalI2WFllWCI7czozOiJ1cmwiO2E6MTp7czo4OiJpbnRlbmRlZCI7czo0MzoiaHR0cDovL3N5c3RlbS1lbmdpbmVlcmluZy1tZmYudGVzdC9hci9zaG9wcyI7fXM6OToiX3ByZXZpb3VzIjthOjE6e3M6MzoidXJsIjtzOjQzOiJodHRwOi8vc3lzdGVtLWVuZ2luZWVyaW5nLW1mZi50ZXN0L2FyL3Nob3BzIjt9czo2OiJfZmxhc2giO2E6Mjp7czozOiJvbGQiO2E6MDp7fXM6MzoibmV3IjthOjA6e319czo2OiJsb2NhbGUiO3M6MjoiYXIiO3M6NTA6ImxvZ2luX3dlYl81OWJhMzZhZGRjMmIyZjk0MDE1ODBmMDE0YzdmNThlYTRlMzA5ODlkIjtpOjE7czoyMToicGFzc3dvcmRfaGFzaF9zYW5jdHVtIjtzOjYwOiIkMnkkMTAkdGdpNjI0RWNkbXFvY2RIQW11aDI1T0N1REhEazU3Mks2RlQvcGZUa05tMkZJNkZIQ1hielciO30=',1735998044);
/*!40000 ALTER TABLE `sessions` ENABLE KEYS */;
UNLOCK TABLES;

--
-- Table structure for table `shops`
--

DROP TABLE IF EXISTS `shops`;
/*!40101 SET @saved_cs_client     = @@character_set_client */;
/*!50503 SET character_set_client = utf8mb4 */;
CREATE TABLE `shops` (
  `id` bigint unsigned NOT NULL AUTO_INCREMENT,
  `auction_date` date DEFAULT NULL,
  `government_id` bigint unsigned NOT NULL,
  `city_id` bigint unsigned NOT NULL,
  `center` varchar(255) COLLATE utf8mb4_unicode_ci DEFAULT NULL,
  `location` varchar(255) COLLATE utf8mb4_unicode_ci DEFAULT NULL,
  `building_number` varchar(255) COLLATE utf8mb4_unicode_ci DEFAULT NULL,
  `building_entrance_number` varchar(255) COLLATE utf8mb4_unicode_ci DEFAULT NULL,
  `shop_number` varchar(255) COLLATE utf8mb4_unicode_ci DEFAULT NULL,
  `type_of_shop` varchar(255) COLLATE utf8mb4_unicode_ci DEFAULT NULL,
  `shop_area` varchar(255) COLLATE utf8mb4_unicode_ci DEFAULT NULL,
  `sell_price` decimal(10,2) DEFAULT NULL,
  `sell_price_for_meter` decimal(10,2) DEFAULT NULL,
  `created_at` timestamp NULL DEFAULT NULL,
  `updated_at` timestamp NULL DEFAULT NULL,
  PRIMARY KEY (`id`),
  KEY `shops_government_id_foreign` (`government_id`),
  KEY `shops_city_id_foreign` (`city_id`),
  CONSTRAINT `shops_city_id_foreign` FOREIGN KEY (`city_id`) REFERENCES `cities` (`id`),
  CONSTRAINT `shops_government_id_foreign` FOREIGN KEY (`government_id`) REFERENCES `governments` (`id`)
) ENGINE=InnoDB AUTO_INCREMENT=2 DEFAULT CHARSET=utf8mb4 COLLATE=utf8mb4_unicode_ci;
/*!40101 SET character_set_client = @saved_cs_client */;

--
-- Dumping data for table `shops`
--

LOCK TABLES `shops` WRITE;
/*!40000 ALTER TABLE `shops` DISABLE KEYS */;
INSERT INTO `shops` VALUES (1,'2025-01-04',4,139,'scsscs','scscscscc','21','33','55','nkjksj','300',1200000.00,5326.00,'2025-01-04 10:59:46','2025-01-04 10:59:46');
/*!40000 ALTER TABLE `shops` ENABLE KEYS */;
UNLOCK TABLES;

--
-- Table structure for table `users`
--

DROP TABLE IF EXISTS `users`;
/*!40101 SET @saved_cs_client     = @@character_set_client */;
/*!50503 SET character_set_client = utf8mb4 */;
CREATE TABLE `users` (
  `id` bigint unsigned NOT NULL AUTO_INCREMENT,
  `name` varchar(255) COLLATE utf8mb4_unicode_ci NOT NULL,
  `email` varchar(255) COLLATE utf8mb4_unicode_ci NOT NULL,
  `email_verified_at` timestamp NULL DEFAULT NULL,
  `password` varchar(255) COLLATE utf8mb4_unicode_ci NOT NULL,
  `two_factor_secret` text COLLATE utf8mb4_unicode_ci,
  `two_factor_recovery_codes` text COLLATE utf8mb4_unicode_ci,
  `two_factor_confirmed_at` timestamp NULL DEFAULT NULL,
  `remember_token` varchar(100) COLLATE utf8mb4_unicode_ci DEFAULT NULL,
  `current_team_id` bigint unsigned DEFAULT NULL,
  `profile_photo_path` varchar(2048) COLLATE utf8mb4_unicode_ci DEFAULT NULL,
  `status` tinyint(1) NOT NULL DEFAULT '1',
  `deleted_at` timestamp NULL DEFAULT NULL,
  `created_at` timestamp NULL DEFAULT NULL,
  `updated_at` timestamp NULL DEFAULT NULL,
  `department_id` bigint unsigned DEFAULT NULL,
  PRIMARY KEY (`id`),
  UNIQUE KEY `users_email_unique` (`email`)
) ENGINE=InnoDB AUTO_INCREMENT=2 DEFAULT CHARSET=utf8mb4 COLLATE=utf8mb4_unicode_ci;
/*!40101 SET character_set_client = @saved_cs_client */;

--
-- Dumping data for table `users`
--

LOCK TABLES `users` WRITE;
/*!40000 ALTER TABLE `users` DISABLE KEYS */;
INSERT INTO `users` VALUES (1,'SuperAdmin','superadmin@gmail.com',NULL,'$2y$10$tgi624EcdmqocdHAmuh25OCuDHDk572K6FT/pfTkNm2FI6FHCXbzW',NULL,NULL,NULL,NULL,NULL,NULL,1,NULL,'2025-01-01 21:17:09','2025-01-01 21:17:09',1);
/*!40000 ALTER TABLE `users` ENABLE KEYS */;
UNLOCK TABLES;
/*!40103 SET TIME_ZONE=@OLD_TIME_ZONE */;

/*!40101 SET SQL_MODE=@OLD_SQL_MODE */;
/*!40014 SET FOREIGN_KEY_CHECKS=@OLD_FOREIGN_KEY_CHECKS */;
/*!40014 SET UNIQUE_CHECKS=@OLD_UNIQUE_CHECKS */;
/*!40101 SET CHARACTER_SET_CLIENT=@OLD_CHARACTER_SET_CLIENT */;
/*!40101 SET CHARACTER_SET_RESULTS=@OLD_CHARACTER_SET_RESULTS */;
/*!40101 SET COLLATION_CONNECTION=@OLD_COLLATION_CONNECTION */;
/*!40111 SET SQL_NOTES=@OLD_SQL_NOTES */;

-- Dump completed on 2025-01-06 22:12:02
